StateCode,2005,2006,2007,2008,2009,2010,2011,2012,2013,2014,2015,2016,2017,2018,2019,2020,2021,2022,2023
10100,,,,,,45694,47395,49652,51279,52641,53289,53682,54533,57184,59270,62042,64194,70693,70761
10140,37120,40272,42402,41464,36345,40019,40993,42057,41315,43356,44122,49623,47445,48255,61026,50665,54631,62523,67221
10180,35535,39784,39369,41961,42931,40630,40659,43407,44149,44303,47420,48016,51130,48021,54808,54857,54037,62660,61262
10220,,,,,,37484,40641,40680,41881,42566,43261,44041,46689,49235,50392,51682,55862,59457,62564
10300,48274,46901,50240,50369,45640,45563,44509,48224,45938,46739,48279,51918,56515,55378,53865,57314,61257,67267,63952
10420,44719,44507,47898,50036,47482,46521,47032,49731,49984,50538,51580,51598,56106,60019,57158,59313,63367,66652,70125
10460,,,,,,39615,35308,40583,44102,42603,36142,43646,43887,42591,39371,45032,51214,54093,50762
10500,41213,35515,36402,38989,36218,34002,32775,34469,34756,39071,40143,40667,43614,44896,40625,46323,48659,48376,53056
10540,39305,40782,44397,45571,47669,42900,42565,43489,45130,43428,47527,51310,51541,54113,61488,59547,65196,67009,70548
10580,50828,53202,55129,58765,57677,55796,58617,60625,59626,62265,63080,65855,68681,71301,73398,72810,78272,80970,82410
10620,,,,,,44802,43424,43256,42518,42010,40910,44140,46017,49590,52623,54104,56462,60634,65456
10660,,,,,,43090,43447,43962,44683,45569,47105,48827,51174,52447,53631,54628,59862,65679,69012
10700,33722,37030,34153,35205,37284,39343,39245,36197,38116,33446,40525,42362,41476,47528,49467,50216,50191,52678,60298
10740,43070,44799,45325,47198,46824,47383,45027,46725,48355,47581,48937,50954,50906,51134,58512,55370,60070,66392,67640
10780,34587,34966,37180,42595,39530,40017,35692,40896,39960,40209,42778,42136,40585,47391,50553,48294,47032,56339,52390
10820,,,,,,46789,48436,50365,50905,52485,54531,56347,58667,60676,63819,65430,69069,72472,77264
10860,,,,,,37020,37413,40723,40585,42463,42986,43321,41103,42005,41461,45699,46641,46922,45939
10900,51676,51464,55038,58811,56802,55630,54169,55766,56543,60320,60671,63022,63944,65929,70793,69769,72058,76041,81159
10940,,,,,,40114,39867,40224,40359,41833,41912,42145,42256,44991,47848,49795,53347,57934,61128
10980,,,,,,36695,38081,38900,38016,38353,38829,39832,40954,41991,43363,42603,44864,49133,51909
11020,33730,40730,42509,40333,38455,42990,43136,41258,42164,44019,45432,43443,45957,49942,51004,50856,57361,58022,54002
11060,,,,,,41437,41391,41563,42824,42029,41560,44331,45189,45757,49703,52535,55551,60954,61497
11100,36603,40969,42065,47822,43373,46390,47350,46434,49207,51280,51734,54478,53922,53087,53510,56055,58354,65090,63994
11140,,,,,,32873,34465,34205,34477,34415,33798,35153,35189,36809,38156,39068,37669,39867,42821
11180,40471,43326,47827,48076,45516,48034,45866,49489,50279,46091,50811,53371,60351,54586,62181,60442,64569,68384,72007
11220,,,,,,42603,43254,42830,44156,44167,43764,44455,47449,45837,49462,50146,53533,58033,62923
11260,60180,62513,67995,75035,72712,71490,71700,71494,76831,75682,78238,82203,76871,81037,80676,82890,84476,95791,94150
11380,,,,,,48699,51598,55327,57825,61250,70423,70121,70753,74233,76158,75147,80518,86458,76902
11420,,,,,,47479,48502,48291,48080,48750,48472,50418,52749,56101,58279,58905,61698,68837,71483
11460,53495,56817,61049,57848,54603,55880,56612,56330,59660,62845,61977,65601,70286,71860,76576,75730,76918,79665,83754
11500,36243,36241,37074,40056,36527,36675,39037,39169,36205,41428,42346,41687,46763,45818,48156,50128,46524,52819,50780
11540,54476,51189,56846,54848,55669,55883,58172,60166,58410,60106,61245,63902,65990,65826,68335,70261,74331,78388,83966
11580,,,,,,35979,36407,35683,34963,36114,35165,35513,35435,35057,35438,36360,39945,45000,50868
11620,,,,,,39172,40081,41160,41401,43280,44531,46913,47754,49216,51195,51554,53227,56968,58856
11660,,,,,,31968,32998,32393,32721,34109,,35595,37144,39752,41620,39500,45351,48071,50985
11700,38275,40840,43819,43180,41078,42168,41969,43172,43916,46917,44826,50541,50015,52410,57428,54992,60261,66023,67837
11740,,,,,,44542,45641,44996,46548,47034,48003,48509,50893,52730,52823,55422,58168,62254,64991
11820,,,,,,42223,43670,44330,44683,47337,46408,47492,49828,52583,54886,57466,61846,68025,68705
11860,,,,,,44175,44433,45666,45212,44648,,46103,46640,48667,50439,50683,52243,55281,62164
11900,,,,,,31559,33546,33836,33823,33773,36511,36193,44247,36944,41851,42414,47061,48750,53837
11940,,,,,,37146,38604,38944,39410,39644,,38661,39990,41398,43285,46872,51253,57982,51810
11980,32906,34041,39619,42139,42289,36570,38278,37077,38493,41112,47906,44088,44971,42020,51521,49469,49830,65283,59391
12020,34950,36789,40774,41424,38994,40391,38663,38028,38227,41761,38643,43165,46521,51503,50962,49503,59628,61978,67364
12060,54066,55552,57189,60682,55464,53182,52639,54628,55733,56166,60219,62613,65381,69464,71742,71193,77589,84876,86505
12100,50377,52230,55767,52696,52864,52571,50829,51191,52127,55313,54052,56778,61777,61212,63389,63680,66388,77248,80073
12140,,,,,,46722,47099,46065,47247,49561,48341,50398,51374,53808,56421,58415,60757,68110,70080
12180,42057,45139,45595,48495,49543,49136,49256,50073,50154,53780,53146,54995,56599,52376,58665,57985,63511,64031,66166
12220,35203,38398,39355,41787,36925,39381,42965,45043,46068,39932,46589,48056,52943,46456,53712,52930,52424,58549,57580
12260,42276,41722,43843,44291,42146,44477,45368,44761,44187,46689,49721,48543,50492,52696,55143,55049,56515,64581,67152
12300,44162,44758,44113,46314,45007,44964,44259,46014,44724,44633,51335,51573,53073,51653,55389,55368,60528,62943,64083
12380,,,,,,44497,45596,46239,46004,47623,49427,51778,53700,53665,54295,55378,60386,66972,71495
12420,50484,52882,56746,59221,56218,55744,56783,59433,61750,63603,67195,71000,73800,76925,80954,80852,86530,94604,98508
12460,,,,,,33297,31391,30061,30619,31090,,33514,36934,39148,41481,40567,45134,47383,50485
12540,40224,43106,47105,44733,47368,45524,45224,45910,46879,47644,51342,49903,49854,51579,53067,54851,58217,66234,68893
12580,57447,61010,63699,66122,65392,64812,65463,66970,68455,71501,72520,76788,77394,80469,83160,83811,86302,90505,94289
12620,40761,39244,41333,42935,39906,42964,40669,41653,43598,42242,44173,47328,50349,47217,50449,52128,56250,61134,66333
12660,,,,,,50390,51121,52355,52140,50982,51055,53225,54447,56732,59943,62808,70914,69475,80070
12700,54439,56974,60015,57314,57947,55294,56699,59453,61026,65384,66102,67898,71235,68902,85042,76863,83537,91438,89893
12740,,,,,,55313,57163,57276,57281,58293,58788,58171,60602,62108,62791,64862,70128,77278,79853
12780,,,,,,44823,47144,47959,48687,48870,50023,50038,50388,52103,54997,53384,55216,59426,61205
12860,,,,,,49750,50861,51734,49922,50573,50880,52641,54033,59338,60524,60635,63734,68178,72055
12900,,,,,,34625,34878,34374,35026,36186,,37592,39945,43523,40436,43802,44655,48875,56009
12940,40904,42874,44660,48491,47814,48294,48441,50286,51134,52091,54774,52487,57401,57843,60746,60043,58276,64222,64550
12980,40223,43421,41150,41181,38507,42921,38666,39190,44520,46088,43084,45902,45386,47204,49055,50219,55192,59522,57514
13020,41384,41774,42375,45913,44029,45451,43361,44548,41281,46844,46560,44756,44770,50606,49610,48290,56911,55134,58675
13060,,,,,,43205,43962,43146,43096,40410,40797,41253,44896,45500,48913,48733,48566,56412,55174
13100,,,,,,43311,45573,46164,47654,49021,50010,48731,52223,51662,53110,51812,55000,60035,64426
13140,37623,40588,43583,47772,43852,41291,43176,43421,45019,42494,49787,49364,49875,50378,58818,54256,61429,60067,62896
13180,50086,49266,51269,52397,49883,50797,51948,50781,51151,53139,55832,55856,56421,63077,61300,62591,65773,67762,72736
13220,30818,38924,39498,33803,35170,37982,38304,40705,36781,39498,37101,44178,42493,38917,44785,43444,38737,52633,52437
13260,,,,,,40380,43195,41600,42627,44553,45875,46044,49985,52092,53610,57740,60041,64210,65551
13300,,,,,,40278,39247,40707,43690,41738,42302,44005,45415,42032,44578,45287,48822,50283,56075
13340,,,,,,46493,47378,47345,47542,48416,49783,51136,53051,55150,56754,60417,64196,69125,69183
13380,44248,43798,46506,47127,46490,49938,51500,51458,50186,53665,55016,56411,61186,62268,69372,65420,72055,79220,74884
13420,,,,,,43394,43989,44038,43231,43990,44757,45201,45923,47410,49160,50525,55910,62173,67257
13460,49163,50637,55957,51487,52233,44680,46984,47576,46791,52006,57373,61870,66273,67577,71643,68937,79796,82052,91658
13540,,,,,,47396,48083,48938,50221,49303,49573,51489,52251,53040,56183,58200,63448,68558,71494
13660,,,,,,35887,37677,38332,39470,40396,41889,41827,43470,44460,45018,45797,48440,54132,57774
13700,,,,,,39574,41887,43393,46206,48768,50091,51219,51084,51961,54208,57761,60260,67243,71457
13740,40807,43843,48312,50129,46372,47968,46586,49255,52583,51111,57249,58037,58085,59623,60962,62722,70018,78781,70849
13780,38343,42806,45243,45181,44279,45959,46323,48140,46836,48188,49386,51360,50545,53199,53768,54695,56968,63427,64035
13820,43802,44534,47196,49320,44868,44216,45635,46763,48328,47046,51459,52226,53107,56409,58366,59185,60725,67242,69284
13900,41252,47467,50588,53620,55748,53403,58781,62028,64626,63356,65173,65527,66087,70550,70979,72886,67793,77969,83440
13940,,,,,,44128,46169,46817,47941,48088,50155,49943,51307,51288,55472,58260,63106,69433,76842
13980,33187,36500,39462,41402,40623,40127,40947,42455,42242,43709,50947,50950,52075,50313,56092,55475,54737,65496,61309
14010,,,,,,,,,61401,57592,63842,61320,65936,64822,68784,68037,69612,70674,77200
14020,35208,37324,39590,39688,37365,38143,39330,38794,42085,44963,44376,43693,49043,47335,52526,52226,52588,64639,58666
14100,37402,39745,42979,43457,43011,42729,40628,48553,48007,49670,46688,50038,54137,50984,56672,53546,57046,62314,63683
14140,30395,29261,31548,33654,33398,31841,34032,32863,36047,36690,37965,38488,35964,39276,42713,41979,45300,45643,43015
14180,,,,,,33407,34267,35651,36428,34424,34612,35003,36417,37237,39962,42986,45740,50012,53428
14220,,,,,,30363,30554,30490,31778,31750,,31013,32962,34985,37570,39185,39168,41803,42776
14260,46960,49833,49888,51972,48284,47237,45065,48968,49583,51826,51925,55162,55324,61407,66466,64717,73343,80928,82526
14380,,,,,,31967,34497,34848,34293,35491,,39443,41541,45268,47526,46453,48786,50034,51367
14420,,,,,,42213,44120,46677,44731,47191,49353,50114,50035,50651,52524,57921,57288,62211,65470
14460,62068,64144,68142,71361,69334,68020,69455,71738,72907,75667,78800,82380,85691,88711,94430,93537,100750,104299,110697
14500,57502,61748,63257,66463,63431,61859,68637,66989,71604,71540,72009,74615,80834,83755,88535,87476,90168,96079,95363
14540,40324,42051,41214,42177,41097,39092,38783,41140,46586,47277,43437,45649,46478,51365,51198,51591,57057,59629,60620
14580,45987,47532,51096,53081,45607,49506,50302,52274,58809,50238,57535,61211,60901,68266,75418,70124,80763,83064,91158
14620,,,,,,40097,40721,41351,41834,42913,43965,44023,45866,46953,48647,49240,52350,57861,61705
14660,41650,42269,40719,44758,41550,44028,45199,46294,49897,48463,50042,51162,53543,51177,58222,56641,62235,66887,70191
14700,36819,33051,38922,43266,39956,35897,37299,37558,35444,37821,41714,40633,45955,41913,46031,47860,51031,54467,58258
14720,,,,,,,,,63697,64521,,70192,73538,77589,79277,80709,93505,100611,102233
14740,52981,55257,57474,59333,60882,56303,60314,59073,62672,61794,66090,69171,73026,76945,79624,78969,87314,94775,99609
14780,,,,,,43159,45320,44162,44858,49236,51269,52718,55793,56237,54971,59623,65913,70043,75085
14820,,,,,,39408,41103,40678,41781,43959,45114,43918,44559,46629,50212,51509,57830,62056,64523
14860,71633,76671,80241,84545,79063,74831,77289,79841,82084,85925,86414,90123,91198,91079,97053,97539,100810,105968,111058
15020,,,,,,38405,38438,37176,36498,35502,36473,36250,37308,40355,42606,41355,43926,47069,48316
15060,,,,,,37469,39787,38401,39516,41939,40884,38661,42519,46396,48440,53174,57553,64300,64769
15100,,,,,,45134,46101,47093,46896,48406,50082,52086,53473,56370,58136,57471,59178,64438,67341
15180,24684,27672,29347,30622,30864,31736,32070,30953,34374,32093,34074,37061,36975,38378,41123,41200,48115,50649,52210
15220,,,,,,38832,39965,40821,39776,40982,41962,43235,43062,45457,48365,49180,49232,53792,55305
15260,39135,45886,45480,47293,42226,39066,42753,43346,39967,46268,44347,46014,47047,50499,57381,53541,54561,59383,69235
15340,,,,,,41228,41336,41877,40783,41377,40795,40563,41726,42892,44971,46391,48449,52486,55477
15380,42315,42831,44843,47897,45811,46420,47081,50269,50548,50074,51772,53487,55448,56195,60105,59079,62794,68698,69861
15420,,,,,,40134,41480,43180,42874,44467,45287,46177,48095,50830,53116,52668,56688,63555,68214
15460,,,,,,42140,43488,44241,42970,42750,44735,44745,47511,50345,51667,52268,55033,58890,61453
15500,40365,40934,41502,42822,42739,41058,40699,39782,42512,39576,39541,45100,45150,49979,58490,51580,58400,59919,65633
15540,51979,53988,56879,60499,58219,54738,60771,60889,62022,61947,66807,66367,63160,71452,74909,73447,81852,83707,95497
15580,,,,,,37986,40030,39211,38659,37503,,39580,40480,42237,45718,49359,50331,56297,57504
15620,,,,,,40128,41390,40572,40997,40566,41403,40901,42631,44350,47193,49418,53103,58374,62833
15660,,,,,,40916,41336,40661,40926,42414,41612,41390,43452,44313,45865,48662,50520,57555,61997
15700,,,,,,45151,46683,46199,46361,45628,47093,47907,50532,52145,52917,52799,55652,57490,60495
15740,,,,,,37573,38179,39293,38841,40420,40930,41566,42744,43975,45917,46352,48434,53901,55756
15780,,,,,,31505,32504,31918,31771,32516,32194,32130,33107,35879,37220,39511,46040,50152,52267
15820,,,,,,35378,35054,35000,36384,35521,,32977,36455,39055,41514,46001,49467,56136,55929
15940,41855,42046,44856,44488,44024,42365,41770,45157,45168,47729,49313,50811,51198,51624,55706,54854,58810,64546,63774
15980,46053,48553,50699,50747,45353,43936,45266,46278,46383,49055,50651,52909,53928,56129,62240,59608,66256,71072,71547
16020,37475,36106,42380,40098,41754,41288,39409,42686,41491,44347,47824,49059,47927,48026,52624,51428,60726,60315,66427
16060,,,,,,32169,32896,32819,38903,41174,42284,41603,43892,42716,46882,46563,50953,55289,45572
16100,,,,,,46583,47725,47940,49165,51303,56618,59625,60703,62982,65328,65000,67759,77458,79605
16180,,,,,57719,52414,53707,49779,46616,43850,42251,52196,55700,56160,57270,58305,65330,59042,73077
16220,49519,45833,43807,50756,56197,51735,52603,54526,58635,56392,52886,59474,60546,64833,65034,62168,63605,69627,73203
16260,,,,,,42247,42226,42296,42369,42305,43855,43799,45422,46809,51807,52045,56308,63005,65527
16300,48268,46030,52022,53696,53324,53755,54731,57222,56397,61865,58015,63385,63697,62882,64088,66620,69923,73895,73569
16340,,,,,,38646,38514,38861,39208,39121,37853,39356,40652,43491,44891,46846,48958,51956,55308
16380,,,,,,49719,51236,52234,52535,52033,53099,55220,57052,59417,62952,65566,68692,73278,78036
16460,,,,,,38974,40097,41723,41010,41783,42238,43427,44679,46102,47519,49925,53209,59099,60839
16500,41712,41983,43473,42513,42523,38643,41931,42927,40601,43575,48179,45523,49827,61058,58911,54970,65047,69067,67169
16540,45228,50254,46985,54145,46929,49514,49068,51938,54303,49487,57960,60559,60459,61208,62484,63420,66715,74002,75875
16580,39604,44868,44930,46599,41802,45845,42328,47632,47258,48063,51600,50564,50999,52912,53081,54897,59189,62108,62092
16620,38916,36660,39829,42932,42148,43922,40990,47610,45251,42761,42526,41689,41558,40806,47500,46099,53549,53157,55415
16660,,,,,,37428,43135,33319,37756,39397,42623,40329,43253,45697,48142,48377,51419,56476,56040
16700,45269,46421,49828,52302,48246,48062,50213,50108,51771,53572,56430,57659,60546,64283,70505,65894,72719,78927,85165
16740,47104,50367,53211,54967,51267,50449,50671,52470,51251,53549,54836,59979,61156,62068,66399,65725,71041,77154,81262
16820,47543,50672,53398,56833,55756,56808,56652,62880,58375,58189,63918,62523,66853,71052,75907,75176,78819,83910,92265
16860,40409,41090,43242,45321,40697,42288,42166,43475,47702,46600,47809,46537,50250,54732,55366,54425,62385,69018,68677
16940,44790,50907,52521,56820,49744,48784,54053,54192,61661,57551,60599,62221,61961,64306,70567,69369,61381,71621,75112
16980,54709,57008,59255,61295,58729,57104,57267,59261,60564,61598,63153,66020,68403,70760,75379,74621,78166,82914,87071
17020,36602,40897,39529,40101,41786,41657,39179,40960,42752,42365,45644,45177,49061,51652,62563,54972,64738,64426,63222
17060,36638,37054,42466,43966,41187,40811,43464,42951,40493,40764,44907,46422,50713,46769,55717,51508,50395,60157,60666
17140,48144,50306,52023,54059,51832,51572,52373,52439,53378,55729,56826,60260,61653,62743,66825,66435,70818,75062,77844
17220,37177,36496,36871,36726,39010,38866,40234,40108,41153,41708,46903,46987,57628,45315,53088,52176,51393,52486,58340
17260,,,,,,24726,26050,25574,26407,27735,28851,28217,28728,30009,29121,30761,31312,36075,36259
17300,40355,42970,45203,44201,41685,42262,42658,44392,48938,45130,46070,51373,54667,51280,53547,54911,59255,65113,67082
17340,,37628,40946,40538,39343,34910,35991,33219,37079,34529,37294,42029,48930,48554,47138,49254,61221,51259,59444
17380,,,,,,26005,27173,27768,28599,29255,27585,27457,28468,29912,29854,32412,33729,37845,37315
17410,,,,,,,,,,,,,,,,,,,67586
17420,37523,35975,37954,38977,38395,37193,37092,38343,42107,41176,42380,44881,46822,48101,52178,51015,56350,62624,61033
17500,,,,,,37298,37989,35736,35425,36504,36771,37552,37966,40728,40820,36978,38843,49259,48979
17540,,,,,,46170,48063,49010,49559,49849,,50067,50295,50156,51688,52221,56345,61080,65177
17580,,,,,,38090,40397,41250,39871,40318,41084,42170,41941,46182,45092,48903,51199,55427,52968
17660,36675,40346,46669,50047,47431,42316,47782,46870,54919,48776,47860,51765,57219,55236,62579,60903,67593,75328,73456
17740,,,,,,42133,42505,42995,41856,42538,44373,46428,48192,50536,51947,52782,56077,60600,61958
17780,30896,36164,38238,37723,34137,35961,35417,40346,39657,42116,46341,42233,45515,50512,55670,51261,49927,60804,54680
17820,51146,53486,55304,58911,55176,51683,54877,55320,57484,59411,60458,63651,65593,67430,72633,71171,79014,81912,89792
17860,39099,42063,44832,46777,46416,40853,46703,43172,48953,50085,50520,52752,51340,54356,57359,57980,61781,62044,69375
17900,43106,45964,47605,48841,47615,45929,45292,48763,48672,50091,51369,52247,54480,53765,55725,56680,58213,63933,67189
17980,33453,39501,41934,38559,40335,36553,39574,42972,40388,42669,41592,43412,43051,49731,49013,48903,52802,54106,54661
18020,44320,49838,54406,50933,49415,47192,54197,53671,52505,53002,54447,59102,61533,62047,72555,66978,73564,65739,81832
18060,,,,,,37607,37626,37508,37868,38672,40239,41219,43198,45355,50441,48170,49660,53687,51587
18100,,,,,,49523,51273,51395,51213,55391,56318,58473,58679,62617,62305,60878,64105,69943,75501
18140,48475,49920,51707,54393,50773,51039,52315,53699,54079,56371,58192,60294,63764,64052,67207,66715,71839,75777,77390
18180,53432,55072,59579,66894,63018,61310,66221,58742,65662,62418,68566,69505,70764,75088,76218,77937,80918,84690,92110
18220,,,,,,37038,35802,36602,37391,37833,,40851,41476,43317,46175,47465,48101,52219,56659
18260,30754,33537,32792,34257,31790,34208,31258,31813,32438,36411,37933,35028,38421,45179,47879,42590,50660,53399,57427
18300,30545,36285,38055,34832,34912,35955,36712,35016,37522,40967,38351,40938,41212,50323,50527,49445,52548,57563,60313
18380,,,,,,29960,32616,32320,35240,36280,31615,31672,33194,35096,36042,38272,41605,47463,42745
18420,,,,,,32342,32221,32846,33600,33790,,38892,38919,40180,42086,40938,44068,47716,49404
18460,,,,,,40192,41222,41894,39306,40689,40907,41600,44474,49140,50563,54147,56680,61292,65622
18500,38635,41541,41015,43397,42635,45995,43457,46445,47046,46889,47146,50575,50930,55569,52951,55349,57378,60204,64238
18580,38158,37103,40573,45869,42278,41994,44342,49047,48688,52050,50253,53775,52193,54264,56991,56714,59853,61169,62499
18620,,,,,,41654,41074,41511,40795,40976,41505,43388,45103,47920,48529,47574,50466,56261,59310
18660,,,,,,45338,45956,47497,47151,48404,49514,50910,52451,54489,56023,59194,62163,65029,67527
18700,44231,47707,45574,53505,44616,45913,42513,51133,47808,52486,52852,55459,60260,63773,70835,65142,64163,68524,73047
18740,,,,,,39469,40727,41885,41274,41569,41701,43380,43251,44491,46606,48552,49297,52048,54687
18820,,,,,,47694,47929,46026,46797,46286,48213,50253,53075,53610,55522,56408,58311,62937,66571
18860,,,,,,36118,37588,39626,37909,39302,40847,42363,41287,45258,45283,49981,53280,61149,66780
18880,,,,,,51529,49158,52787,53000,53679,53488,58624,59619,63710,62627,65075,67029,76945,81996
18900,,,,,,36813,36955,37963,37188,38350,38576,40123,40994,43893,45958,49423,52630,56002,58475
18980,37153,33959,39095,39229,36628,35786,40054,37287,39936,38261,37862,39411,45044,44612,50906,48388,55517,63229,58923
19060,33739,34526,35627,41654,36261,34847,34819,35645,35211,38580,39408,45808,42113,44607,49729,50188,51440,54618,56295
19100,49740,52001,54730,56377,54539,54449,55546,56954,57398,59530,61644,63812,67382,69445,72265,72882,75975,82823,86860
19140,37844,40630,36362,42904,38049,39476,35120,32858,37659,41034,45632,43348,41441,45326,51967,50322,54289,62644,65143
19180,34664,39318,37227,41532,35012,38167,40869,40311,45089,41690,45098,45481,42345,43655,43111,46842,49091,51515,46507
19220,,,,,,36209,36947,37385,37247,38185,38436,37488,39960,41466,44779,47201,50520,53228,56209
19260,33893,33641,33239,34785,34503,35964,36907,38071,35266,40932,37623,42755,39919,39512,45971,43113,44787,45173,51265
19300,42119,44878,49119,52320,48487,47502,50900,48378,44874,48461,52003,56732,55342,56813,56439,61756,63866,69914,72915
19340,44226,45154,45903,48977,50454,46310,47122,51678,51288,51410,55496,52590,54173,55635,62001,59876,61166,65636,71262
19460,41442,39092,42559,47003,37704,42172,41971,42088,42598,44600,46157,44575,47042,49133,53447,51842,57041,60663,72956
19500,39123,41009,44762,45649,44105,40919,44415,44533,45957,47574,48040,46198,51970,50066,50839,53725,46807,60332,58297
19540,,,,,,43317,46549,45339,46695,47964,48188,47572,48290,51713,52504,52712,56037,61731,63128
19580,,,,,,44480,46864,46377,47593,48853,50663,50822,55295,57665,59931,62110,65779,69302,73615
19620,,,,,,36993,38747,40509,40450,42735,42174,44170,44609,45521,46147,47675,51949,57250,59673
19660,38462,40881,42276,46139,41459,41556,38213,40106,41554,42468,43284,46090,47351,51364,54533,53339,59171,65889,67176
19700,,,,,,27997,30921,29365,29282,28489,27476,27326,27602,27377,29360,32251,33914,38241,37917
19740,54896,54994,58875,60344,59007,58732,59230,61453,62760,66870,70283,71926,76643,79478,85641,83289,90716,98975,103055
19760,,,,,,45202,45113,46762,46385,46420,45969,46599,47350,50738,53209,49256,57130,68525,64995
19780,52647,53384,55853,57854,56576,54685,58228,59157,61194,62446,62024,65704,68649,71352,71164,71734,74208,80061,82728
19820,50787,52004,52542,52451,48535,48198,48968,50310,51857,52462,53628,56142,58411,60513,63474,62768,67153,71265,72574
19860,,,,,,49712,54241,58506,62559,70243,72099,76817,77328,75708,72123,69368,70391,78608,82133
19940,,,,,,48502,49451,50342,50060,52004,52379,55067,58319,57901,58194,59986,62250,64588,68459
19980,,,,,,46621,49061,50577,51178,51374,50777,49688,49890,53072,51711,53743,59578,67997,70495
20020,36293,34182,36616,40728,35879,38638,40465,37632,40186,38300,42492,41040,45396,45152,50010,47608,47665,58054,57405
20060,,,,,,34844,33840,34545,35693,34523,,34536,36572,38266,40423,41568,43614,46936,48038
20100,48282,47722,46788,56039,51485,54617,52512,52894,54794,55227,56778,54140,57608,54419,58001,60117,64308,72675,72910
20140,,,,,,36676,36185,35599,35138,34174,32594,33521,35364,37706,39625,39364,42382,45489,50316
20180,31952,33590,36271,36930,37282,36331,42780,41817,39236,39592,44666,47352,48581,46205,45643,50150,55193,60228,60711
20220,44161,45419,46320,49023,46637,49776,53011,49793,51735,56129,58487,60456,61497,60225,62178,64493,75590,73671,71940
20260,40641,44256,42615,44669,44597,42083,46110,46848,46385,50275,50566,51294,54162,53767,60316,58729,64960,65963,70208
20300,,,,,,44216,48394,48489,51181,48149,49802,50552,52469,51527,54871,53967,55543,59041,61325
20340,,,,,,43524,45030,44918,43885,43519,43781,43493,44805,46166,47214,51156,53470,57065,60236
20420,,,,,,56422,56910,57407,58080,58456,,61910,62533,64372,68685,69291,75089,81936,85296
20460,,,,,,37230,36661,37883,38897,38743,38847,39936,41197,43245,44212,47175,49225,54289,54280
20500,44358,46563,48362,52367,49902,47982,48689,50262,53492,51988,54160,56182,61271,62114,65303,64745,71601,79154,83280
20540,,,,,,36856,38909,38167,38953,41426,,42833,44386,43762,44185,45042,50245,53150,54973
20580,,,,,,28813,29504,30959,31395,32536,33747,37155,37734,38035,39625,41385,44502,48497,46657
20660,,,,,,63017,63399,62942,61597,58495,58228,61395,65595,67204,73547,73102,79349,81667,84378
20700,52119,50173,56860,56838,54879,54549,51875,56178,55536,63118,57318,60095,61612,64170,62413,68734,78575,81580,71087
20740,43153,46729,45420,49385,44623,44086,49375,48691,49046,48873,52094,51058,55480,60081,63460,62031,61684,72172,75183
20780,,,,,,67078,65059,66695,74456,73774,72214,78763,83803,84685,84790,85877,91338,98887,103174
20820,,,,,,49509,50938,51009,52108,52374,52224,52977,54655,56293,56685,59932,65590,73181,74219
20900,,,,,,41148,43689,40988,40411,41992,45176,46445,50145,49619,48310,51770,53963,59712,66100
20940,35533,37086,31912,37936,38594,41802,37843,40200,43310,39290,40852,49095,47211,48984,48472,46222,51809,57310,60243
20980,,,,,,36464,37794,39349,37435,38762,38678,39836,41106,44000,44663,45293,46444,49745,50221
21020,,,,,,45876,47193,45779,44473,46866,44807,49781,46153,50391,49788,53255,54867,60668,63912
21060,41494,41561,48133,47383,45224,42363,46448,47323,46680,49649,48955,51936,52622,51147,55246,56680,60025,61813,64904
21120,,,,,,43642,45726,51506,48989,49027,48601,48851,49625,48725,50721,47095,50365,51499,52323
21140,44886,46710,47965,49507,42781,41748,43317,45315,45387,49937,49556,54216,58960,58350,54531,58509,60143,61922,67188
21180,,,,,,,,,37276,40146,39457,40308,40094,41094,43320,45206,47343,51186,55057
21220,,,,,,66850,69094,69963,70126,72207,71462,74672,76094,77222,80725,79274,82199,87631,83305
21260,,,,,,41232,42769,41739,42982,45406,46458,47898,53163,55193,56004,59703,64134,66800,69928
21300,37418,39683,39836,41607,43727,47643,50120,45974,45237,50232,53119,51269,51194,53005,60782,54883,60219,55845,59617
21340,30968,32111,34980,36485,36146,36015,39573,40345,39873,40133,43633,42116,44416,43862,48823,48193,51002,53359,59037
21380,,,,,,37282,38031,38731,38981,40427,40021,40611,42992,44191,46217,50070,52274,56068,58788
21420,,,,,,40636,41688,43458,44530,46726,48238,50288,47915,53946,64929,55435,60721,55131,63161
21460,36476,40541,37220,44254,43461,40886,41909,43128,43768,45558,46729,47872,49821,53155,55637,56799,59034,62199,64672
21500,40312,39649,42394,44247,42888,42519,41975,46563,44292,45560,47386,48964,50614,48007,51818,52863,56851,56094,60663
21540,,,,,,41951,42932,42504,42676,42070,42031,42353,44639,46490,47434,47008,51117,53852,54829
21660,37290,42127,43111,43343,39867,40276,40584,40675,43459,44877,47318,47777,50654,53172,57325,54942,61712,64069,70374
21700,33093,40749,36870,39750,35745,38492,41187,40682,42092,40598,40484,43130,46494,50294,51662,49235,54752,57883,61621
21740,,,,,,58346,59851,59714,58515,56158,56569,53323,54672,58235,63403,72458,75106,78164,81526
21780,43431,43109,46173,43342,46462,44319,46721,44887,45332,46547,48662,50155,51964,55412,55584,55553,59153,62433,65073
21820,56560,58833,65327,69103,70610,60785,65920,66539,69113,69820,72975,77328,76747,75448,72065,76464,72149,83519,86391
21900,,,,,,38115,39870,40827,42152,43085,43165,46430,48158,48605,50305,52856,55094,59974,67537
21980,,,,,,51597,52589,54538,49830,46195,47415,45368,46914,51514,57824,56335,61776,69922,73268
22020,44108,46188,44551,46532,45483,50088,52393,51525,51961,53867,56051,60009,63353,65073,62820,65995,66216,70391,72889
22060,,,,,,58771,59533,60438,58584,60527,57323,69135,64014,65839,72469,70600,67267,76319,81455
22100,,,,,,33428,34260,34129,37349,41713,42863,45431,39288,46796,42390,46307,47682,46775,55042
22140,36047,40517,43690,47096,47075,45127,51728,46385,43787,48773,49613,52003,45942,44841,44321,47643,47819,50264,57324
22180,39775,40788,42751,44091,40495,43458,42955,44823,42968,42181,41921,45293,44757,46679,47597,50133,55027,60441,61220
22220,42801,42267,44552,43994,44243,45101,45138,45611,47905,50128,50788,51848,56038,57911,61674,61761,71767,73364,77695
22260,,,,,,43478,45494,47579,48961,50914,52365,53351,55181,57131,58682,59456,63587,67990,70912
22300,45117,44433,48567,51386,47556,50150,46742,47947,46382,50898,54709,52810,51360,60788,60944,57384,64024,71377,70736
22340,,,,,,31497,34781,32586,28547,30643,,29510,32344,32705,32229,32077,34455,38255,39081
22380,41184,43510,49633,47408,50769,42130,45045,45640,50637,49757,53152,55091,54893,61843,58085,59000,64533,62622,71738
22420,42473,41778,43112,44611,41382,38819,40843,40323,41249,41682,44025,43955,46298,48127,50389,50269,52025,57003,60027
22500,36151,37936,40918,40271,38277,37590,39961,38163,38577,40139,38062,42200,40562,42612,48547,45037,49724,50219,49974
22520,33379,37484,36967,39437,37721,37638,37998,41450,42898,41597,41547,45287,45903,49407,45824,48244,51639,56563,61606
22540,48186,48551,50024,52937,50216,49718,53202,53065,54198,51717,57620,58310,61417,57415,65329,64147,69068,69948,71285
22580,,,,,,35442,35786,32836,34993,34347,35594,36121,40570,43111,44361,43183,45500,50512,47557
22620,,,,,,27019,26360,30104,30873,31336,32105,35066,33102,35356,35348,36053,34981,39822,41784
22660,48686,53745,52046,56331,55676,54154,55219,55890,59052,56575,64919,66469,69102,71091,75186,76366,78109,88403,88182
22780,,,,,,43155,46919,47251,49820,49604,47931,49216,51137,51665,53492,58426,59252,62541,66435
22800,,,,,,41643,41951,41647,42496,44083,44745,46543,49011,49699,50694,52463,54594,58590,59803
22820,,,,,,43111,42792,42829,43774,46223,48450,49495,51456,51626,53682,58468,62914,70471,75407
22900,32010,35424,36683,38650,36572,37992,35965,36061,37633,39207,41040,40970,40282,44317,45157,46424,49065,49980,58609
23060,45005,46067,48299,48605,47069,47004,47485,49301,46005,49405,50856,51519,52908,55491,57287,57693,62155,65678,66317
23140,,,,,,48416,48352,48321,48953,49669,48478,50096,51659,52488,54286,53750,55582,59515,63690
23180,45526,46207,51292,47109,46160,45939,44805,49128,44534,50884,52190,54000,51695,52134,59495,57673,62122,56220,71305
23240,,,,,,52682,54843,55017,53668,52414,54859,55850,56267,58325,59155,61445,64438,70162,67799
23300,,,,,,43304,43410,44572,43472,44631,45331,45624,46427,48016,48805,50466,53806,57527,61943
23340,,,,,,42849,44744,46475,48626,47991,49068,49830,51748,53101,54085,58439,60962,66793,71294
23380,,,,,,48056,47277,46785,46140,46099,47209,49032,50370,51701,54089,55245,56414,60814,62500
23420,41899,42732,47298,43737,45661,45221,42807,41627,43925,43423,46949,48715,51800,52629,57518,57109,63656,69571,71140
23460,32507,31562,34637,37642,39118,35897,33313,34264,39459,40529,43346,41152,41576,45868,41447,44934,45298,57098,52192
23500,,,,,,34132,35025,33512,34202,34766,35389,35719,35286,35836,36883,37787,41330,47011,49047
23540,36205,37072,38026,42359,37654,40274,39493,41226,38658,45353,46949,45279,44548,50495,47762,47848,53728,59516,59290
23580,48347,44668,51797,52825,49015,47002,50108,49737,44998,52519,55009,54917,61977,61699,67467,63651,66719,76888,77891
23620,,,,,,48899,50176,49735,50067,51222,52406,56269,60027,57646,60202,62733,63338,66374,72472
23660,33441,36658,37614,37200,39927,39110,40409,40435,40667,39800,39976,40605,41972,43709,44129,44464,45994,50263,53291
23700,28721,27261,42558,30899,34948,29369,28983,29696,24945,27041,28212,31526,31565,34080,37153,36179,41643,45636,40108
23780,,,,,,50454,51179,49617,48382,48656,49388,50533,51671,55673,59477,58059,61380,68481,72437
23820,,,,,,60721,60383,61099,60100,58940,58535,59769,61176,62503,66810,71415,75688,84262,88659
23900,46815,53932,53281,55261,56628,55652,54906,60136,59029,61543,61023,59300,63107,62284,67715,68411,72985,76727,76725
23940,,,,,,76576,78356,77090,79488,78609,80060,80822,80178,79916,78833,76735,83480,88151,95253
23980,,,,,,37350,37622,36767,37337,37444,37369,38366,39117,39774,40899,41425,44017,47855,49004
24020,45895,45973,45441,48342,51075,50936,51722,53368,53562,51880,55186,54414,58723,57058,61255,62284,65557,69145,73247
24100,,,,,,43240,45289,45333,44276,45722,46969,46090,48033,50248,50482,51663,55240,60557,62615
24140,35928,38158,40110,39388,40944,40787,39085,37905,42193,35966,40361,41711,44347,40791,44596,47221,47595,55588,55461
24220,41519,40716,43956,46649,42271,46057,46718,43648,50891,49691,53443,48671,48609,54659,57301,55122,62568,65413,71529
24260,43841,39884,42760,46483,45402,46479,45590,47588,50567,49742,51371,55435,60116,54235,55907,57938,61749,67646,70919
24300,39487,42596,50954,55738,52882,46231,47664,45892,46723,50174,51465,48846,52742,49848,60500,57157,64055,70711,64722
24340,45952,46586,49044,49923,47150,47040,49589,50658,52485,54372,55459,60212,61298,63344,65739,66297,72014,77771,77979
24420,34595,39993,37312,33564,34754,36626,37048,34430,38298,36870,41493,36472,44426,48315,47573,47733,48785,53838,64170
24460,,,,,,43763,44989,46639,44981,43573,44013,44449,46070,50198,49723,48863,50077,54634,56733
24500,38925,39887,42952,42750,40518,41871,42623,41732,43947,42170,45606,45138,47713,49948,51227,52049,57706,58698,66454
24540,48763,52543,52133,56065,54710,51956,51059,55357,58611,62083,70256,63400,68884,75938,78615,74332,85290,91565,91047
24580,47809,49326,51449,52520,50315,49016,52725,50777,51148,53208,54847,58011,60456,61400,65026,64951,66652,70341,76171
24620,32071,34291,33946,35062,33601,35196,31873,34536,35981,36694,34768,41109,37920,47383,44722,43150,56488,48918,54261
24660,40164,41539,42486,45226,41272,41120,41399,41751,43791,42565,45749,46135,50285,50026,51770,52233,57908,60271,63280
24700,,,,,,46894,47810,48298,48047,49631,49799,51185,52270,54622,57949,60794,65000,71566,74228
24740,,,,,,27797,28591,27610,28093,28936,29144,28452,29387,30834,29705,32011,34399,38394,40117
24780,31647,36802,36278,40039,36129,39664,38322,37759,40639,41632,41453,46573,45849,42481,53401,49337,44450,57049,59946
24820,,,,,,44280,45055,44311,43425,43323,44632,47043,50064,52691,55620,54799,57440,60237,64654
24860,41446,41077,45210,45124,43283,42640,44536,43724,44853,44783,48180,50644,51154,55790,58621,57432,62265,65681,69413
24900,,,,,,23214,23867,25859,26854,27404,26836,28562,29182,30132,30218,32190,33429,35452,37718
24940,35381,38793,41314,39225,41975,30808,35678,35923,34006,36847,39555,38519,39828,41959,42148,41081,52636,47052,53628
24980,,,,,,32901,33123,35912,34129,33067,,33026,34876,36877,40122,39952,40808,45745,46918
25060,38971,42998,41542,44879,42979,41875,38287,41254,44951,43906,44328,46434,47099,47444,50642,51058,56348,58007,60114
25100,,,,,,44623,46631,47983,49901,50172,50242,51503,49469,50450,52282,50702,50781,55682,59275
25180,47110,51423,51619,50506,48653,50529,50797,51386,56424,56537,55142,55862,59801,61256,60095,64118,67372,68083,75369
25200,,,,,,,,,57995,56424,53013,53213,54530,51207,54987,63543,70866,81271,81389
25220,35154,33075,32763,41399,37672,37390,39391,34904,44166,40689,42962,48162,44861,48205,47825,48745,52872,55391,54417
25260,41095,43178,46756,50962,44506,44609,50345,45935,45774,42784,45746,53234,57555,61663,58453,61556,62155,64368,66429
25300,,,,,,41990,42664,44074,43743,43448,,45573,46352,49401,50960,54250,57072,62527,63425
25420,51057,51339,53168,57095,53036,54009,55382,54742,56484,57742,58166,61467,65069,64213,67069,67219,73559,73739,76758
25460,,,,,,35074,36424,36529,36837,37754,38395,37889,40250,42910,44562,45558,47989,52078,53775
25500,43156,41332,44172,48794,42657,45188,46618,44971,46710,51136,47420,51369,54681,53046,60740,59261,66564,64993,76250
25540,61327,61753,64355,67171,65698,63104,64508,66732,66356,68532,72275,72559,71414,77258,77005,78631,82258,85723,92176
25580,,,,,,44233,46977,48145,49440,51342,50635,51201,51721,51536,53023,56007,57783,61502,67077
25620,32877,34882,37541,36801,40451,38538,37378,36815,40364,42028,41938,46765,46167,45249,48359,48231,55444,54560,55336
25700,,,,,,44543,43713,44253,43085,45127,45579,50140,49562,52700,52883,57053,54858,59665,59889
25720,,,,,,65204,64651,65012,65050,65582,66486,71337,74552,77449,99265,97523,115188,117919,134986
25740,46537,45013,47413,50373,54872,52114,54455,60231,55527,54401,60278,62437,60472,65145,68095,66545,65638,72930,76866
25780,,,,,,34025,34084,34499,34987,34075,33316,32733,35246,37282,40529,41827,45243,48340,46943
25820,,,,,,41127,41134,42577,41444,42995,,47219,51543,51841,49701,49790,49611,51942,54114
25840,,,,,,,,,49690,44715,49973,50037,51705,56211,60870,57791,59608,75526,62766
25860,37391,39213,39398,41360,37351,39381,38923,37364,38039,41106,40380,42572,48079,47544,50631,49706,52737,60209,58164
25880,,,,,,,,,41759,42183,41961,44458,46160,48392,49622,51535,54110,59425,60869
25900,48524,55390,59111,54044,53828,47100,46479,50285,48399,52788,60033,55750,57545,57571,67075,65401,69473,72568,74580
25940,46690,48190,52530,52800,52668,52496,51232,51209,52269,52691,55923,63756,55430,63723,71252,67723,67779,81038,80683
25980,,40885,41556,40324,44148,37536,42659,43368,40559,43331,37211,46241,49364,47234,53060,50588,49733,62795,60732
26020,,,,,,43910,50758,51504,56191,61351,56260,55636,55952,50871,68457,61867,50725,58150,55736
26090,,,,,,,,,56077,53796,55250,57846,62853,61353,66278,65071,74371,75901,78779
26140,34084,34973,35810,38137,38128,35459,33764,39322,40015,35671,40294,39206,43548,39964,50751,45689,47197,51532,53777
26220,,,,,,51307,54109,56355,56725,56417,55827,56581,57269,62935,65679,72418,77815,80254,82095
26300,31986,33688,34947,36922,37678,36482,34251,40893,39589,41032,37013,42826,46101,42779,45265,48150,47694,53145,52275
26340,,,,,,34465,34907,35027,35710,36608,37779,39423,41348,43648,44198,45386,48906,52857,56403
26380,38038,42844,41968,51108,47747,48185,44987,48866,54070,45104,48119,49929,47069,51440,49874,53267,61478,58332,60119
26420,46705,50250,52988,56250,54146,53942,54901,55910,57366,60072,61465,61708,63802,65394,69193,69328,70893,74863,79463
26460,,,,,,55546,56185,56445,57336,58625,59105,59916,61093,63032,66787,68750,73065,81741,83619
26500,,,,,,41700,43026,44455,44183,44163,44396,45250,46765,48597,51678,53597,57055,61300,65429
26540,,,,,,45964,47137,46538,46148,47356,46945,47042,50063,52208,53632,54286,56705,59894,62734
26580,31820,34545,34903,35536,36066,36022,36894,39160,43543,40830,42237,42420,40646,45535,48329,48085,50456,56806,57815
26620,48006,50331,50647,53363,54550,52384,51734,54617,55857,56453,57792,58238,61331,63765,67157,66450,76963,81066,84929
26660,,,,,,35806,38869,36382,35456,38688,39521,42199,39866,40500,47170,41508,41470,51528,55134
26700,,,,,,40716,40455,43778,42196,44258,46267,48423,48995,51700,51662,52978,56797,64167,63082
26740,,,,,,41946,41644,42739,44077,47359,47376,45249,48415,48837,53584,51520,53359,57390,60498
26780,,,,,,58544,57323,55275,55170,56234,56128,57738,59869,61275,62121,62885,67067,73296,78468
26820,43918,44713,50450,52199,49039,50113,47121,49200,50439,50208,52689,60133,54515,58880,63616,61877,70559,74511,75824
26860,32356,38735,33441,41687,39582,41162,42498,44403,45266,42431,46990,42962,46237,49448,51914,49270,52023,52361,57505
26900,49888,50841,53101,53671,50410,48867,50826,51808,51087,52268,54322,56750,59566,61022,62502,63545,70224,75824,77947
26980,43138,46174,51319,53786,48767,48425,52602,52767,52220,59791,55332,57777,60888,64635,63761,63131,66216,72634,71905
27020,,,,,,42005,43611,44341,44885,45340,44742,43975,45946,48984,51730,51568,54528,59483,61960
27060,43306,45534,43392,48567,45010,52064,51586,49930,48516,52885,58084,56349,56672,57276,58626,61361,66441,74034,67247
27100,47053,42912,43328,46896,46650,42862,41686,42653,43668,45371,50783,50009,50258,51031,55124,54511,58254,59059,63338
27140,39515,41984,44351,46111,44104,42501,43732,42604,43611,46967,46757,50632,52434,55700,52426,53639,54123,58064,58592
27180,38345,36674,37289,42620,38976,40464,38170,42270,38663,40338,46553,42373,43570,45610,48700,48146,52186,55720,59532
27220,,,,,,62665,63562,63106,62291,66590,,71380,74756,78452,81427,83225,87143,102435,106679
27260,47323,49736,51871,54522,50010,50324,50130,48118,51495,51117,53221,56840,58709,60238,65880,63064,68394,77583,77044
27300,,,,,,45461,45803,47171,47118,46760,46087,47611,49306,49117,52040,53688,56084,62004,66168
27340,41242,38991,42143,48017,41231,41787,45573,44250,44673,47581,45832,47150,49883,50639,49544,51560,55534,62460,67597
27380,,,,,,36966,37758,37508,38378,38949,39595,40769,44294,46044,48186,50199,54222,56971,59830
27420,,,,,,44620,46317,48678,50120,50926,52359,53685,56088,57642,57674,52815,54652,59167,60172
27460,35495,37950,38942,39904,37849,40443,40927,41376,40413,41808,44460,42204,46079,45479,50272,48315,46661,55457,55234
27500,46267,46190,48663,51400,48975,46758,47559,45989,47118,50610,53777,50729,55304,57037,61243,59519,66090,66451,73440
27540,,,,,,49695,50913,50967,51947,52332,51822,53539,55138,56489,57849,60994,63739,67610,71918
27600,,,,,,,,,53179,52857,53379,54246,66557,73150,65063,68307,72116,83843,84749
27620,45642,45648,44711,55199,50600,51742,50708,46835,47586,51329,55069,55031,52579,60281,60786,60586,63942,71396,68629
27700,,,,,,37340,39470,36496,35830,37970,,39908,41534,44869,45483,45773,45115,49847,49562
27740,37238,34203,35928,40792,34495,36791,36550,39137,37423,38813,40388,40943,40663,45839,45917,45970,51119,58660,56846
27780,34841,34387,37495,38071,38870,41220,40253,39969,41423,43224,44179,44100,46598,45084,49076,47644,52995,54905,55748
27860,32157,37631,37066,36943,36792,35526,34673,41551,39552,40751,37378,41717,48929,43927,44998,47610,47935,59582,58550
27900,34026,35145,38567,39557,38541,38448,40952,38229,40852,42705,45089,45876,48979,47012,48909,50244,55045,54041,57887
27940,,,,,,75517,77465,78947,81490,84750,85746,87436,90749,88213,88390,88077,90126,95711,100513
27980,57573,58771,63550,67619,60502,60617,60147,61207,65541,66987,70468,72268,80183,82917,80754,84363,76273,94760,83691
28020,42788,43680,44037,45831,41088,43634,44595,44326,45699,45721,51167,52045,55129,56016,56441,58836,62128,69584,67191
28060,39942,45920,45600,41110,46435,41854,44207,46444,47802,47362,46899,50142,59735,53193,62588,57763,66126,65680,74274
28100,46074,50507,46418,50535,50858,44784,45669,51703,49761,58378,53850,54911,58539,51404,60923,59370,63364,71416,66788
28140,50486,52359,53508,56458,54521,53919,53376,54519,56248,56994,60502,61385,63404,65768,70215,69240,73900,75280,79842
28180,,,,,,55246,60751,59238,60155,64847,77140,71344,83860,80921,81971,82818,80582,87730,103564
28260,,,,,,48447,51058,51310,52414,52899,53460,54279,54709,56952,59493,63409,66218,70727,75141
28300,53868,48692,54838,53299,52017,48030,54049,56238,51945,56652,61780,56364,61257,59186,66088,64686,67344,77757,89314
28340,,,,,,45818,47768,46360,47117,49102,49331,49657,52393,55033,56789,58947,63292,70286,70908
28380,,,,,,29375,30806,30379,31304,31777,31077,31220,32348,34186,36380,38020,42194,44868,47368
28420,48726,48956,50699,51538,54028,56407,59256,57189,58542,58020,61361,61021,63617,64908,68283,70545,78367,82961,83053
28500,,,,,,43072,44529,43849,43601,42930,43810,44261,48698,52473,55990,57196,62204,66713,67927
28540,,,,,,61695,57243,59736,62519,61712,64222,64162,67321,70356,72728,74678,77820,82763,89155
28580,49040,52069,60642,52443,49721,50619,51524,53637,50838,59388,61020,65717,65747,71973,68589,72012,68563,79420,88870
28620,,,,,,53889,54750,55780,52688,53399,52591,52529,53625,56123,59381,65420,69500,79742,81214
28660,41529,42450,47313,49769,44918,49778,46468,48633,50447,50478,48612,52202,53303,53686,54370,55306,59753,62904,71013
28700,33664,34931,36458,39081,36257,34741,37804,37769,39128,39213,41206,40811,43516,41957,48615,46685,48771,52887,53794
28740,50837,52725,57085,54854,56485,51301,55006,57566,58429,58093,59758,62790,63621,63889,64087,65306,78938,80372,85878
28780,,,,,,36659,37265,38040,40583,37680,,41280,41539,41778,43500,47176,49911,52407,57612
28820,,,,,,33625,33749,34440,35770,35687,34717,36956,37515,38387,39402,39923,41092,43063,44795
28860,,,,,,31213,33089,32853,34727,35153,,37924,38766,39984,42042,42682,47237,51618,56468
28900,35901,37420,44482,42389,41298,37660,36464,38987,36885,39148,43952,45604,38916,45354,56348,48560,46721,53923,52547
28940,41354,43337,44264,45442,45156,43114,44514,44766,45051,45151,48382,49862,51848,53523,56623,56857,62592,67801,69872
29020,46588,43207,45030,48095,47623,41180,40126,39885,44265,47159,46793,45702,49346,55868,53440,56387,55088,55297,61267
29060,,,,,,54929,56921,57163,58654,60782,62159,61245,65834,68368,69447,67328,75035,80719,97692
29100,45155,45169,48223,48851,50142,47696,50314,47642,51024,50568,50705,55717,56552,60402,59608,60165,61342,70405,71312
29180,39995,41303,43288,46292,47400,46730,43332,46813,48105,48668,48370,45409,47848,50825,53493,52827,53931,50837,57311
29200,,,,,,,,,48372,46109,50088,51410,52224,50799,49908,52826,53559,56176,61349
29260,,,,,,42162,40974,41784,42542,43265,43822,45564,46228,48617,52171,53940,55227,61946,64212
29300,,,,,,41477,40368,36739,43642,40486,39067,42371,38977,44260,46217,46062,49287,51493,56990
29340,35430,40103,42211,45656,44287,40194,40787,45102,43479,46336,46229,46005,52314,49072,51547,52986,58736,62184,65122
29380,32838,40834,41321,38788,37321,32488,35008,36542,45220,38520,47808,42019,40811,48848,47094,44818,54077,53985,60812
29420,35477,36097,39991,38305,40946,36456,35983,34445,39058,37674,40908,42423,42311,46060,50179,47686,46616,54786,55954
29460,39124,41150,44348,44360,41911,41174,40272,41325,42435,42780,44061,46355,48475,51670,51833,51535,56379,62051,66909
29540,49282,52064,52764,55850,55673,51740,53387,54776,56922,57403,59262,61335,63407,66277,67376,69588,75688,82691,80067
29620,45874,48679,47981,49607,47705,47731,46571,48637,49383,49697,51839,53296,56440,59494,59117,60278,61980,64478,70007
29660,,,,,,42890,45760,42882,42774,42298,42834,43043,45816,46865,49322,51362,50733,55887,59881
29700,31763,33026,33905,36740,38291,35770,36132,36624,39991,38312,39774,35659,43408,46862,56084,50296,51867,59603,60204
29740,29630,33952,35334,36035,35717,35230,36101,37566,36343,39502,39902,37496,37144,35262,43038,44024,45178,51967,56451
29780,,,,,,32213,32332,30499,28275,28292,,27000,29168,31660,30666,32141,36538,42301,47700
29820,49571,53536,55996,56696,53505,51437,48215,49546,51057,51214,51552,54384,57189,57076,62107,61048,63677,70797,75065
29860,30823,29601,32869,35440,31152,35438,36277,34064,34844,37578,32339,40954,38542,44439,39213,41899,41012,57705,47790
29900,,,,,,29368,30465,30472,29592,30834,,30013,32739,35617,37238,35936,39866,41948,43500
29940,39191,46857,42772,46394,43367,47263,47757,50184,52150,48565,52964,56345,55646,54668,64233,61020,56576,65774,66997
29980,,,,,,34985,35737,36663,37368,37371,37814,40457,41522,41553,43614,43734,45721,51038,53233
30020,39883,39591,43693,39142,47867,43817,44585,44874,41813,47584,47617,50980,50702,52034,51332,52219,49422,55148,56680
30060,,,,,,37294,39697,39101,39013,38693,39712,40436,42646,46192,47257,46582,46968,49202,50825
30140,47768,49189,46711,52650,50728,51436,55019,51557,55973,54068,52571,57248,57372,61362,61204,61632,72732,68467,78824
30260,,,,,,45474,46269,46737,48528,48827,49803,51349,53768,56026,59399,56824,61807,64914,72894
30280,,,,,,40435,41620,40687,42291,41822,42661,44900,46837,49370,53197,55299,60036,65325,70829
30300,,,,,43119,39959,42432,44568,45417,44937,52735,47869,55116,51330,61191,55657,57610,66844,71005
30340,43005,37945,46400,45225,39990,41190,44689,44297,44127,48007,50338,49081,48286,49697,63813,55002,62958,63438,63404
30380,,,,,,37539,38892,38671,40384,40947,41288,42019,46286,47526,50219,52641,54738,58012,61415
30420,,,,,,41783,44888,44976,46064,48180,48739,50766,51923,54909,54716,57761,59292,68128,66023
30460,42612,45531,47081,50690,46735,46257,47120,47952,50279,50270,53117,53769,58069,56784,60492,60769,62612,65964,70027
30580,,,,,,41373,44550,47731,50185,48621,,47507,47535,47025,49291,49395,51809,57131,62269
30620,41712,44100,44002,44210,37855,41057,41307,41729,43030,42701,50332,47592,51542,49063,60429,51892,51497,59880,66891
30660,,,,,,48999,48714,46647,47133,49882,50539,52676,58271,57899,57308,58122,59809,62547,64188
30700,47029,48511,49238,52585,47933,50091,49315,50668,52300,52046,54002,59344,60057,58506,61539,62883,65229,67235,71163
30780,42089,44756,45817,45271,45967,45991,46620,47845,48304,48330,49066,51501,53173,52102,56849,55983,58357,60931,66225
30820,,,,,,39354,39696,40682,42184,44329,45078,47163,47990,49234,50923,51145,53792,59011,58842
30860,40194,42544,45412,49070,45314,46215,46356,45813,47377,51497,51555,57414,52974,59414,61467,60466,67022,76091,85111
30900,,,,,,42587,42679,41135,41940,41356,42290,43918,45558,47545,49415,49020,51776,55862,56525
30980,36838,39814,41292,44958,43652,41842,42916,42522,45175,49500,47532,45773,48259,51296,55970,53524,56777,62627,63956
31020,41647,43728,44118,47398,45493,41054,42031,47692,48417,42223,49949,50637,49456,59225,55497,58791,71194,72055,70959
31060,,,,,,103643,104914,106426,106686,105989,101934,105902,110190,115248,121324,119266,123677,135801,143188
31080,,,,,,,,,58869,60514,62544,65950,69992,72563,77774,76399,82503,87743,91960
31140,43344,45115,45697,48741,46786,44678,47580,48895,50905,50932,52898,54546,57279,57405,61172,60891,64029,69547,68921
31180,34823,37602,41538,44810,39146,42126,43324,41667,47172,45825,47291,48671,47276,49974,54598,53003,57634,59228,57093
31220,,,,,,,,,41136,42156,42024,43497,45524,49663,51725,51568,55035,60744,62296
31260,37236,40670,36464,33796,37931,37775,39007,39489,42750,42156,49768,41161,45326,47519,53320,49684,50045,58180,56864
31300,25107,26646,30882,30932,24788,29453,30806,28293,29542,29889,31558,34254,32729,35037,35035,35362,37008,38610,40996
31340,40598,42228,42086,44447,44800,41248,46734,43082,47821,47567,48090,48530,52976,51143,57736,56983,58617,62918,67050
31380,,,,,,33702,34186,35812,36031,37959,40314,41484,42911,43724,44471,43591,45704,48904,50434
31420,36878,36995,39879,42634,39415,37507,36888,39525,39484,38146,40067,39973,41303,42615,48435,46083,53397,52574,59750
31500,,,,,,42707,43635,43395,43795,45306,,47065,50722,51119,52718,51981,53784,57801,59987
31540,53276,56544,59709,60850,56709,57594,59674,58894,59466,60903,64174,68497,71301,70463,75545,73807,76731,83214,82132
31580,,,,,,39312,39187,40501,40891,42404,42346,43169,44048,45738,47170,47014,49495,54466,57610
31620,,,,,,35148,36163,34895,35128,37509,36619,36507,37072,36148,36193,37609,41115,47441,47363
31680,,,,,,,,,41193,41353,40000,42589,40626,41262,43889,46390,46724,50260,52644
31700,60913,66382,67667,69223,64751,68312,66609,69089,67574,71422,74323,76254,78769,78978,83626,82099,91627,96921,103727
31740,38352,37463,40139,45084,43771,46150,42688,46083,46375,50323,50354,52720,50698,49200,59010,54488,57835,58723,63033
31820,44418,46926,47382,49755,48088,47298,48272,46045,47181,45136,50302,51752,54785,54393,60785,58464,57918,61673,68297
31860,47933,46104,55284,51880,46933,51127,50720,52542,53047,54055,52497,57833,61241,60255,63126,63288,70130,69679,69016
31900,39220,38393,43445,42578,39350,41572,40117,41680,39455,41548,45155,44073,46032,49564,51783,49186,51158,53047,56664
31930,,,,,,,,,42834,43512,43509,44763,46021,48572,50021,51808,54167,59053,61355
31940,37612,37709,44414,40461,37893,38506,38279,39605,39669,42533,45581,41145,47542,48215,51101,51134,58276,53166,59414
31980,34286,39219,36143,36694,39006,34716,38187,38877,38665,39851,38645,37117,44768,44839,47206,46900,49401,50366,52214
32000,,,,,,,,,35297,36271,35965,37590,38776,40913,43646,47085,50615,53532,55527
32020,,39585,40841,34449,39621,38824,41133,43004,41849,39233,40607,42826,44766,43008,50608,49225,48919,56707,57306
32100,,,47303,43098,41275,44684,41130,45149,45011,44267,48259,51275,49008,54779,55148,54585,55301,61474,62115
32140,,,,,,46872,47254,47256,49594,51182,51600,51920,54181,55525,57730,57274,62388,68919,72761
32180,,,,,,38818,39727,39090,39519,39027,40101,40645,41567,43201,44720,47585,49705,55396,56566
32260,,,,,,45232,47691,49259,51555,52354,53351,54193,52752,54027,56437,58735,63591,70828,72785
32280,,,,,,32358,33932,35509,35273,35845,37037,38040,36550,38566,39937,41488,43773,47769,49502
32300,29741,33663,34804,31289,33654,31492,30859,32196,35907,31423,35290,35018,41050,30040,38105,38115,40299,42458,47021
32340,,,,,,38621,38680,37815,36641,36237,35854,39908,41370,43349,44232,46303,47669,53917,55970
32380,,,,,,45588,46720,45664,45489,45542,46334,48148,50621,53075,54388,56422,58753,63785,66394
32390,,,,,,,,,,,,,,,,,,,56872
32460,,,,,,35277,35514,36698,38394,39529,39530,40268,40369,41615,44043,45614,48187,52526,50576
32540,,,,,,39245,41317,41206,41252,41339,42576,43601,44941,45346,46784,47511,49669,53054,54787
32580,24501,28660,30295,30235,30460,33732,31077,33761,35098,34801,35730,36176,37106,39165,41800,41846,44818,49142,53661
32620,,,,,,29944,32315,33434,33375,31322,31425,30653,30772,31122,31784,32726,36308,40131,41963
32660,,,,,,34946,35575,34008,34641,34592,,36245,36765,37715,41125,42668,46189,52948,54088
32700,,,,,,53026,53332,54171,54167,55437,56128,56783,56946,57765,59089,59928,63816,71250,77701
32740,35842,35659,36217,40393,38192,38321,41199,42287,44575,44598,46574,45410,50657,51502,49428,51919,55593,54497,60797
32780,41194,40606,44524,40603,45989,40177,39138,44810,43363,44918,43948,48563,51409,56546,56450,56327,64249,69152,71666
32820,41065,42092,45725,46158,43633,45377,45393,45687,46962,45844,48524,49809,50984,50338,54859,53896,55840,64008,64025
32860,,,,,,48376,48342,47847,48893,49897,49788,51787,54605,56268,58783,59588,64420,69721,71785
32900,40281,40447,44410,42303,39535,42449,40055,43597,40687,44084,41997,47739,47735,57745,61167,56330,53992,66164,57570
32940,31926,28265,30228,35158,32429,29244,35704,34279,31713,35736,37129,40105,41594,37816,36225,40698,41461,46796,48819
33020,,,,,,40935,41567,41387,43013,43139,41310,41930,44056,43761,44261,44699,47178,51745,56232
33060,,,,,,35483,36931,36280,36473,36616,36347,37139,38472,39070,39872,40662,42311,46186,48656
33100,43091,46637,49232,49313,45946,45352,45407,46648,46946,48458,50441,51362,54284,56328,60141,59030,63814,70769,76271
33140,45960,47043,43480,45613,46168,43765,48389,46048,46506,45744,45838,53507,50736,51584,56019,57010,63714,66659,62868
33180,,,,,,24724,25269,25952,26228,24976,22443,22603,23558,24628,26272,28442,32123,33658,32403
33220,45912,48360,49453,49239,50053,48706,52591,52356,49913,49194,59292,57269,61624,56091,69872,64078,67707,78487,73074
33260,41455,45437,51197,57558,55021,53170,54330,61331,71442,77574,80761,65224,75266,80747,82650,82768,80478,75602,92934
33300,,,,,,34513,34189,32623,31634,30333,,31829,35197,37955,41584,43312,47737,51988,55413
33340,47438,50270,51999,54386,52024,49774,50664,52605,51957,53164,56247,58029,59448,60643,65845,63739,68449,70898,77006
33420,,,,,,41095,40385,43041,41670,41370,39516,42824,45067,45979,50154,55986,59796,65242,64972
33460,59691,62223,63898,65862,63114,62352,63352,66282,67194,69111,71008,73231,76856,79578,83698,82887,87433,91341,95102
33500,,,,,50519,46768,54868,57777,58136,65562,63889,62763,63310,65085,71343,68127,70598,72292,72073
33540,42612,38168,42798,42349,38983,45596,41931,45595,48077,44289,42815,46550,54311,56598,57347,56247,66803,68305,73324
33580,,,,,,42355,45102,48180,49407,51192,51245,49548,50463,50408,51590,49149,52841,57432,64723
33620,,,,,,36458,36484,38067,37203,39316,37832,40638,44754,46610,47740,50440,51403,51480,55310
33660,36402,38686,37391,41065,40047,39998,42372,39691,42944,43642,42699,45744,46023,43061,49561,49370,49691,54313,55352
33700,47525,48566,50616,50359,48716,48044,44076,46405,47962,51084,52363,54305,59514,60321,63037,62873,73982,75886,82758
33740,34291,35285,36456,38133,37799,37819,34036,34809,37536,41175,36346,38004,39610,44353,40136,43212,45001,44507,50286
33780,55663,54444,53750,57157,52824,50034,53744,50675,53561,57275,54396,60799,59290,61916,62839,65453,65512,69563,71506
33860,41171,42934,43033,46422,44287,45513,45707,44674,45859,47159,45636,47265,49123,51943,53834,54250,52677,60677,62362
33940,,,,,,46590,47479,47139,45718,44885,43999,43890,44865,48739,51647,56051,58551,65033,66072
33980,,,,,,40614,44429,49853,45231,48881,51048,51206,52807,54833,60186,57871,62907,66799,78256
34020,,,,,,40431,40171,40738,41571,41956,40781,40771,41345,40485,40485,40218,43097,47322,51768
34060,31203,34998,39319,43002,34471,43470,43722,40177,47051,41924,45941,50120,49475,50574,56395,53681,58274,56132,59045
34100,36457,36526,36977,37178,35146,37065,35027,38137,40957,38542,40041,44348,44840,47439,47326,46798,43213,59099,58401
34140,,,,,,36974,39578,39466,41735,41944,42439,42133,43310,45466,49158,51312,56673,62258,65179
34180,38521,36965,42198,43500,46883,42337,43076,46295,46728,51949,51667,48335,58644,53057,56997,59165,62227,63819,75586
34220,,,,,,32902,33345,33186,32484,32233,32409,33968,34503,35472,36435,36799,41623,47235,49691
34260,,,,,,35606,35589,35209,35343,35594,35396,38115,40072,41481,42260,43504,43530,47403,48427
34300,,,,,,43089,43691,43886,42842,43516,,44444,45154,46715,46855,45656,48475,55000,58976
34340,33954,35215,35628,36679,33159,35928,32310,36131,35579,36511,37337,36802,42438,48398,49250,44979,51950,44485,58291
34380,,40126,38104,34946,33787,31014,37319,35593,37488,41931,40838,41868,44100,46198,45201,46783,48840,52638,53759
34420,,,,,,39423,39886,40909,42939,42856,44178,45026,46980,46698,49600,52732,52546,56096,56163
34460,,,,,,33108,33463,32342,33555,35276,35987,37369,40847,41289,44688,46271,47442,51889,55186
34500,,,,,,40437,42117,41757,42981,43173,43247,43467,46109,47617,49896,51662,54692,58384,61102
34540,,,,,,45655,48734,49323,49750,48953,48533,48619,51211,55131,57749,61590,64439,71246,73988
34580,48773,48222,51554,53348,54856,55458,52519,53400,52448,50558,57122,60983,66066,73206,67175,71021,72648,79001,91234
34620,34227,34516,37702,38927,34781,35902,36811,37032,36402,39323,40606,41041,41255,41662,45065,45910,50497,54087,55206
34660,,,,,,39194,39316,39037,39677,38589,,36692,39269,40219,42273,41841,44534,48276,51854
34700,,,,,,50850,51096,51418,51425,52899,53676,55971,56398,57348,58453,60435,61547,67427,69512
34740,41911,40883,39099,40827,38274,38621,37626,40535,41630,42600,47453,44264,49229,50080,50366,53478,55462,58074,61189
34780,31188,32975,38089,32658,31855,39910,34440,37233,39130,42756,41016,40860,36342,45290,42450,41633,43437,54070,52484
34820,38789,40816,43184,42327,41321,41568,38775,40353,43540,43993,47379,46787,48727,51580,56977,53832,59073,64741,68988
34860,,,,,,33189,39110,32555,35587,39326,39865,35562,47589,46459,47572,44507,47306,51153,51718
34900,65260,66645,62081,65158,68541,64401,61460,68553,70914,74123,75513,75077,86562,87025,92769,92219,97213,100318,104686
34940,52179,55888,57653,61165,52988,52730,50564,54126,54406,58026,62126,61228,66048,69867,76025,70217,74215,80815,90072
34980,45543,47699,50760,51841,51066,47975,49992,51500,51996,52640,57985,60030,63939,65919,70262,68406,72725,80034,84685
35020,,,,,,27793,27189,28079,28084,28937,29088,30431,30285,29678,30239,31653,34483,37726,38706
35060,,,,,,30326,31830,32649,33953,33629,31345,30697,29001,27795,28567,30625,33965,41310,46798
35100,38178,39656,44692,45496,37416,41059,49224,45421,44560,42819,45971,47710,50977,48557,52355,52345,55390,62942,58567
35140,,,,,,41815,42866,42005,41718,41971,40127,39841,39600,42765,44226,46038,50950,56706,59670
35220,,,,,,41087,40519,40197,40679,40247,,44509,46131,48235,49832,51104,54154,57632,60144
35300,53591,56840,59916,61579,60601,57056,59245,59271,58571,60391,61760,66176,66863,67845,69751,71370,75295,81998,80733
35380,39879,46459,48109,47585,46219,46134,44004,44379,45981,46784,48343,48804,50528,50301,55710,54388,56837,61602,61000
35420,39411,37560,40699,42992,40801,38882,42082,43702,44130,46253,47331,50440,51386,49658,53616,54451,58060,58588,60604
35440,,,,,,,,,42365,42429,42101,41303,43291,46061,47882,50775,54961,57794,61314
35460,,,,,,28809,28563,29764,30573,30888,31187,31081,32027,33614,36716,38530,41558,45110,48416
35580,,,,,,47696,48149,47915,48256,49527,52598,53319,55764,57728,61120,59804,62999,67038,68690
35620,56120,59281,61554,64747,62887,61927,62322,63982,65786,67066,68743,71897,75368,78478,83160,81951,84409,91562,95220
35660,39419,41875,42079,42512,39508,40329,40831,43526,44747,44031,46649,47083,48629,51262,50153,52500,57535,61333,62460
35700,,,,,,36519,38092,37692,37745,38802,40140,38941,39630,40467,41259,41424,45089,51885,53614
35740,,,,,,45400,47133,48225,48646,49458,51361,50722,51740,54545,55793,54304,57808,63350,66629
35820,,,,,,45293,49572,49088,48152,49227,50196,52180,55832,56658,59488,59536,61133,63119,64652
35840,,,,,,45283,45559,47813,48283,52077,53698,53625,56817,60921,65526,62438,70095,75631,78914
35900,33257,32453,35705,29705,33883,31869,30181,33022,31135,30743,40919,41332,40995,43466,43290,44980,43933,45508,47022
35940,,,,,,47058,48358,48335,49404,49315,48745,48838,49710,51559,52560,55041,59049,64144,65972
35980,59268,59719,61044,68622,64148,62349,64788,66603,62883,66148,65764,70699,71987,67197,75633,75831,78828,83819,82652
36020,46695,49022,58857,55525,55787,54839,59467,57381,51893,59934,60532,64813,59644,64793,72066,70765,76505,81783,90308
36100,36116,40062,39294,40170,39035,37044,36255,37098,38695,39958,40050,39383,43910,44576,49576,46587,55161,54190,58606
36220,35978,40348,46575,50241,44097,42282,49967,51946,55710,58701,65454,53254,55380,64165,67205,63096,57473,68071,66608
36260,53023,55839,59002,59241,60208,59171,60922,61834,62785,64301,65538,70227,71629,76653,79251,78680,81364,92600,100461
36340,,,,,,39812,40986,41814,41977,43291,43644,43885,46487,47982,49945,51405,55899,59278,61626
36380,,,,,,38339,36929,34289,34570,35490,35405,36415,39059,40367,41760,46097,47020,50476,52288
36420,40058,42036,45247,47696,45109,46238,47023,48557,50136,52416,52221,55065,56260,57485,60605,60476,61815,66301,69895
36460,37580,39066,41060,43495,38551,41578,38932,43468,40362,44320,40016,46842,48484,48179,50912,50700,55153,50508,54250
36500,48080,52935,57773,62506,58541,61011,60061,58239,59785,61609,62137,65783,71765,72703,78512,75867,81659,88853,93170
36540,49215,51627,52924,54989,52277,54060,55089,54158,55382,57527,61024,62247,65619,66241,70373,69439,73720,79638,81376
36580,,,,,,45268,45334,46358,47765,47884,48588,49689,51254,53121,54028,56171,60523,65778,67086
36620,,,,,,41159,41343,39801,38715,39237,39652,40484,43131,46468,46936,48198,52486,55155,59225
36660,22460,23119,26275,33138,34559,33388,34337,35765,31955,27753,30286,31207,34462,32867,38681,40859,38599,41976,41393
36700,30195,29700,31877,30177,34199,31979,31031,34185,31230,28680,38596,32450,35947,36536,37701,36802,34685,40016,51863
36740,44543,48934,50893,50375,46946,46478,46123,46020,46962,48270,51077,52385,55089,58610,61876,61229,64936,71857,77378
36780,46322,49043,50442,53157,46558,48177,47763,51458,49776,52387,52136,56754,56678,56589,58347,59947,64095,69405,69957
36820,,,,,,45025,46477,47758,47967,48750,48726,49599,50568,52950,54825,56417,60617,65200,69019
36830,,,,,,,,,43926,44533,46564,47554,48131,49142,48294,51601,54573,63105,65042
36840,,,,,,,,,49543,50415,51081,51465,53167,55486,56582,55873,63996,68217,72142
36900,,,,,,40093,40269,41088,42031,42189,43138,43824,44863,47715,46246,46433,51222,56209,60034
36940,,,,,,55321,57290,58403,56480,55764,57858,58141,58882,62731,64903,68172,73468,79722,83448
36980,37183,40582,41735,41640,42254,41021,45529,44032,46268,41827,47751,52328,48550,51459,52201,54946,60189,66211,61761
37060,,,,,,39080,41166,42688,43328,41343,44643,43162,45019,47132,50272,53318,54720,59748,70973
37100,66859,72107,73250,76860,71723,71864,74623,71517,77363,75449,80032,80135,82857,84566,92236,89295,96454,102569,107667
37120,,,,,,,,,44889,44473,45028,44093,44711,45960,47214,45644,50052,52813,53955
37140,37596,35849,40489,40050,41127,41137,42306,41811,41137,38484,48358,40126,47598,47346,48856,47811,61870,57266,61699
37220,,,,,,41181,39740,39150,39876,41757,41712,42266,44225,45711,47300,47308,52570,53602,55975
37260,31260,30771,32621,36162,30278,33842,30440,34025,32295,30765,31483,38239,33790,41608,42899,40068,33370,46161,52256
37300,,,,,,40378,40577,41471,40653,42511,41327,42146,42313,43355,43455,45847,49736,57445,58846
37340,43281,46335,50354,49411,45391,46262,46429,46162,46472,47907,50416,51184,52540,57888,57305,59359,65333,75320,78575
37420,,,,,,40881,43203,45057,43504,45179,43288,45264,48314,47170,49327,54957,51885,54852,56658
37460,40701,45098,48985,45736,44357,44881,44310,46005,45620,44638,48066,47548,51594,51842,59450,56483,60557,66245,69690
37500,,,,,,38209,39090,38481,38413,39500,41286,42755,45566,47497,47056,50083,51367,54879,56793
37540,,,,,,36836,36463,36593,36950,38694,38234,38378,40415,40837,40502,41037,43444,48025,48540
37580,,,,,,38015,40050,39630,40104,41130,40748,40283,42198,43562,45117,48036,51561,58246,57315
37620,33739,36677,39701,42266,39370,40352,39314,42398,40945,41793,40547,46594,43648,44054,48680,48369,54284,55222,54906
37740,,,,,,37580,37905,38504,39954,40042,39751,40593,41179,42092,43524,46907,51406,55242,59089
37860,42002,45087,44516,46251,45534,43974,45900,49917,47336,50003,50560,50496,53378,57998,56507,58759,64877,68034,78315
37900,47762,47266,50650,52510,49863,50983,50009,53469,52614,56186,56350,57090,57453,58603,60372,60094,59760,68249,68504
37940,,,,,,39485,39746,39816,42023,43862,45184,45646,46666,47460,50657,50616,53762,59551,61130
37980,53555,55593,58309,60899,60065,58095,58322,60105,60482,62171,65123,65996,68572,70747,74533,74825,80007,84123,86867
38060,48124,51862,54250,55887,52796,50385,50058,51359,51847,53365,55547,58075,61506,64427,67896,67068,75731,82884,85700
38100,,,,,,40038,42971,41940,42510,40997,40976,41598,44734,45820,46901,51538,53855,54220,56535
38180,,,,,,53251,57648,58517,58121,58027,58827,59206,60097,65707,65712,69868,77416,83641,78965
38220,31846,35324,34212,37469,33226,33446,39004,36127,34665,33838,36538,37076,39914,37314,41541,41856,46826,44263,47336
38240,,,,,,,,,49959,51328,51547,52279,64184,58531,62469,63324,67160,85382,78057
38260,,,,,,35286,36043,36927,37378,37154,36534,37607,38017,40174,41004,42615,45191,49779,50311
38300,41719,43260,45630,47755,46349,46700,48854,50489,51291,52293,54080,56063,58521,59710,62638,61969,66609,70607,72532
38340,48570,47562,47302,44797,42290,44190,42969,46509,52514,50211,50765,58418,57054,60476,58895,62166,60749,74176,77498
38380,,,,,,36509,39335,40521,41191,42303,43375,44995,46012,47080,48384,47500,48649,50721,53276
38420,,,,,,43889,45022,46138,46963,47266,49067,49077,50522,52958,54800,54144,58289,63497,64349
38460,44757,42406,46439,50960,46660,43600,50872,52161,43892,53575,45377,55316,58234,56704,60198,59510,60285,66152,62717
38500,,,,,,50141,48536,47218,45709,47219,48485,49725,51869,54229,52658,54207,58296,66016,68041
38540,36098,37336,43928,49319,45418,39175,40931,42409,42174,44018,41530,48429,51612,50748,51612,51914,60475,61566,68495
38620,,,,,,39505,40164,41026,41012,41806,42134,42831,44067,45426,46809,47456,50391,53746,56673
38700,,,,,,50500,52835,54339,54614,54723,54254,54074,54339,56200,55160,58676,61419,68175,70796
38740,,,,,,33525,34080,34343,34969,36160,35738,36302,37878,39058,38726,41124,43756,46581,49213
38820,43357,40672,41008,47721,42583,38841,50161,42485,46566,46469,44929,48587,47907,59001,57126,55090,62695,66139,65990
38860,49833,51114,53998,54358,53849,56530,55861,53701,54766,59573,62074,63422,68570,69980,71913,72552,78558,84312,92117
38900,49227,52480,55387,58758,55521,53078,54921,56978,59168,60248,63850,68676,71931,75599,78439,77511,83943,89312,94925
38920,,,,,,,,,47027,47546,51078,54167,58788,55469,58776,57170,61887,62267,71870
38940,43698,46733,49679,46941,46186,41346,44534,42316,45322,47483,48002,48746,51392,55714,62608,58039,63771,68460,68316
39020,28348,29821,31446,38097,29665,36859,29657,36874,37351,38233,35833,39210,43367,37257,45571,41866,40522,46606,52159
39060,35610,38496,40839,43387,41503,40265,47437,45056,41114,43044,45810,50684,49559,48458,56295,53703,58614,64160,64276
39220,,,,,,41967,43659,47240,44724,46366,46900,47793,46994,50278,51158,50328,51725,53734,53673
39300,51310,51797,54039,55938,54202,51935,53553,54243,55055,55836,58965,61948,65226,65083,70967,70676,73788,81784,83330
39340,47229,50583,57270,59482,57476,54201,58398,58218,60051,60890,65092,69288,70196,75344,79152,76864,86629,95687,100791
39380,37305,36834,41564,42628,38780,38326,40965,41262,41218,41047,40050,44677,43148,48468,51276,49979,56689,58723,65161
39420,,,,,,36368,35409,34169,36257,35578,36631,38636,41574,42163,42745,42288,43613,49345,52893
39460,39091,44166,46707,46404,40362,42031,41190,45247,43698,43039,45492,44200,52070,52927,54652,52724,59285,64860,71806
39500,40683,40200,43355,44670,39804,39564,42254,46077,41349,45337,46854,50753,48710,54948,53334,53700,57020,59825,61447
39540,50465,50758,51375,54541,51743,51377,52582,51904,54209,54525,57232,55706,60897,59759,60779,62556,68758,71788,73978
39580,53216,56150,58111,61862,59316,57840,59197,60319,61710,62313,65778,71685,72576,75165,80096,78706,85303,92739,96096
39660,41828,44214,44449,44770,46243,47074,50364,50383,48641,49808,52809,51097,56318,59833,58361,59076,63342,67468,77164
39700,,,,,,22881,22894,26369,25886,27627,26495,28817,29104,29944,35521,37906,39401,42839,45645
39740,50871,50039,52787,54616,53485,51759,52307,52022,56043,56059,56122,59286,61058,62564,67708,66154,68658,72070,75675
39780,,,,,,38137,38753,40307,41924,42369,41001,40687,42512,42899,53475,48895,48810,58884,61834
39820,42227,44120,41901,42065,42889,41023,42062,45442,40332,43706,46693,46724,52439,56280,63091,57139,61125,68276,75949
39860,,,,,,56366,56099,55603,56836,57229,57062,60452,62431,64765,66800,69334,71414,78338,82749
39900,48974,52297,54322,57673,52737,50699,50768,49108,53948,52728,56611,58056,61360,63466,72132,68214,76182,80333,83759
39940,,,,,,38565,37713,37470,36767,36491,37272,39184,39506,41396,43630,48068,59729,50370,59033
39980,34384,40183,39082,41453,39598,36079,36358,33385,34745,41204,42160,43401,45017,44928,47944,47756,50138,49024,51798
40060,52524,53416,56739,58662,55609,55325,54798,56769,57286,60936,60713,62929,67633,67703,68324,71223,74151,81388,84332
40080,35159,35922,35505,39131,38628,40866,37130,35206,42366,42027,41899,43687,49610,50333,47540,49162,51237,55171,62323
40100,,,,,,24441,25598,24653,24927,25906,26172,26682,27133,29294,30387,30931,33367,33871,41566
40140,50756,53243,57298,56472,53815,53548,52042,51695,53220,54586,56087,58236,61994,65671,70954,68331,77018,82803,87843
40180,,,,,,46397,48788,48565,50418,51749,52773,53559,55013,54242,55896,54291,57887,60030,64646
40220,41526,45825,46896,46441,46326,45569,50246,46974,47890,51318,50571,50551,54233,55151,60471,57642,59630,64596,65537
40260,29388,26349,28423,29951,29102,30888,30728,29930,31053,30834,31115,33866,33645,37027,41044,37061,35618,46830,45823
40300,,,,,,55733,57094,55590,54541,55894,54849,55832,57655,59707,60986,63643,67534,75782,79244
40340,56781,60189,58743,63842,62465,59702,65564,63733,62645,66214,65627,70078,71985,72129,75926,76787,80434,85369,85213
40380,46074,47749,50493,52382,50346,50211,50579,50701,51857,51086,53667,55134,56969,60190,62104,61747,66516,69580,73294
40420,44809,45473,49691,49754,45728,45457,45191,50647,48027,48385,51036,50324,55484,55829,61078,56899,56746,65805,66960
40460,,,,,,30439,31847,31726,32384,34060,32687,32526,33607,36091,36148,39051,38926,42354,43626
40540,,,,,,69828,72096,72139,71525,69448,69022,68233,71083,73008,74843,73384,76668,79375,76464
40580,33870,35933,41037,39201,36420,38077,39765,37319,36949,40407,37324,38972,42784,46733,46466,46482,51769,53896,61388
40620,,,,,,40260,40675,41388,41964,41942,41618,41603,41681,42846,44154,44987,48124,53242,55427
40660,35980,37882,42972,41618,38957,36934,40963,37841,37296,41752,40510,49865,45854,38462,50880,50657,60825,56420,62098
40700,36576,38222,38841,39285,39076,36510,38502,39757,40605,42000,41428,42889,47746,47004,48585,50031,51166,54387,60889
40740,,,,33623,35043,34325,36282,42382,45753,39696,38044,40960,44899,43941,42003,46254,47620,49673,52029
40780,31597,36483,37402,40213,37989,38388,35879,41724,37037,38363,36768,39926,44839,43886,44382,46373,44410,58249,56186
40820,,,,,,37354,35980,36553,35769,34210,33467,34527,34424,34154,35467,36496,38458,37001,38035
40860,,,,,,47027,48190,48968,49271,48308,49372,50029,52635,54973,56139,57176,59751,62641,64778
40900,53890,56953,59694,61029,57361,56233,55151,56813,57027,60015,62813,64052,67902,73142,76706,75533,84421,89237,94992
40940,,,,,,43714,45000,45769,44943,46965,45964,47422,48173,51352,51353,55693,57105,64089,67326
40980,39957,38362,43051,41441,39200,41938,40434,40318,41548,44931,43383,45849,45331,48990,48303,49565,50606,53646,59265
41060,46367,48484,50575,51657,48038,50085,51848,54573,55513,55390,54157,56620,61943,60759,66076,64118,65641,71370,73963
41100,43980,45998,46822,50333,46462,49058,45854,43837,51063,49981,54913,55056,54842,56333,63595,61747,61186,74543,77480
41140,36785,41597,41160,44426,42198,43178,44416,43784,45024,47402,49263,49211,47309,53321,50425,53298,54702,60582,62682
41180,48716,49765,52465,53189,51691,50912,51164,52243,54449,55535,56483,59780,61571,62790,66417,65725,70189,74531,78224
41400,,,,,,,,,42100,42640,41887,47864,41818,43745,53542,49407,49265,53095,53455
41420,43295,45289,43730,48392,44915,45584,45652,45656,47232,49508,52448,55903,56163,57091,65689,62539,65665,72150,74554
41460,,,,,,45597,46189,47813,48144,48354,48123,48769,49897,50602,52383,52287,55431,60896,63998
41500,57081,55045,57056,59375,58448,54534,53179,58109,57052,57864,60494,63876,71274,70681,77514,76943,82163,92840,88035
41540,43547,45883,49239,48880,45817,47128,44793,49357,50009,54128,54233,54738,59273,59214,61283,62799,68470,77655,70528
41620,48993,53587,57294,60012,57138,57419,57005,60061,61520,62642,65792,68196,71510,73730,80196,77102,81307,91891,94409
41660,38184,35194,40982,43642,40807,38234,43165,44910,46010,45284,48441,49096,50894,51851,55097,57431,61302,59924,56569
41700,43263,45019,46321,47755,47955,50225,48699,51486,51716,52689,55083,56105,56774,57379,62355,61437,66775,70538,73195
41740,56335,59591,61794,63026,60231,59923,59477,60330,61426,66192,67320,70824,76207,79079,83985,82426,91003,98928,103674
41760,,,,,,,,,41414,41879,42171,43697,45607,48710,50256,51594,55206,61816,65168
41780,40627,45549,48654,46385,43099,42246,46949,44694,46073,48734,47544,48949,54958,49751,60653,58408,58403,69296,65177
41820,,,,,,44120,44836,45284,44819,46309,45608,46402,49272,48873,49994,52294,57674,56540,60140
41860,65382,70463,73581,76848,73825,73027,71975,74922,79624,83222,88518,96677,101714,107898,114696,110837,116005,128151,127792
41940,76478,80638,83793,88098,84483,83944,84012,90737,91533,96481,101980,110040,117474,124696,130865,129343,139892,148900,153202
42020,49721,50209,56952,60534,56661,53978,54195,60264,58158,63474,62648,70564,71880,71148,77265,77948,80615,90216,90670
42100,58640,62193,63778,67466,61499,61071,62513,67769,68438,65368,65139,77613,79705,86941,89269,89986,93933,102146,105631
42140,45304,50437,51413,55461,52684,47080,49959,50720,51833,52809,55676,57863,58821,60193,61298,60668,67341,72544,78731
42200,,,,,,,,,62421,63833,63625,67436,71106,77472,75653,78925,84846,90894,91197
42220,58330,60821,62399,62238,62368,59055,61020,59941,61029,67771,66674,73929,80409,81395,87828,86173,94295,96830,100707
42300,,,,,,40194,41108,41114,41637,40828,41993,42287,44030,44483,46486,50454,53079,58408,60631
42340,46240,42914,47884,48080,45021,46755,46785,47059,48958,51809,51390,56535,56610,58178,60371,60851,66245,72098,75196
42380,,,,,,40543,42433,44650,46963,48418,48987,51035,50900,51457,52358,52375,54383,60650,62482
42420,,,,,,38903,40702,42889,43384,46310,45933,46756,48063,50191,49766,53147,56265,59842,61156
42460,,,,,,36312,36383,37059,37634,36874,37745,38422,39281,39816,41769,42578,43785,46748,49454
42540,37225,39934,41945,42025,41823,42368,43901,42883,45333,45257,49670,47422,50891,54115,54304,53853,61174,60537,58834
42620,36551,36259,36859,39047,38161,38326,44626,38853,43643,39340,38986,42844,42443,42270,43399,44000,51402,57015,53688
42660,54962,60663,63895,66465,64028,63088,64085,65677,67479,71273,75331,78612,82133,87910,94027,90790,101721,106909,110744
42680,,43685,46081,46410,42712,47335,39767,40413,42401,46238,49379,49072,49177,57508,59782,57945,58972,67407,72920
42700,30309,32894,33047,31971,33225,34561,33652,34733,33811,36120,34242,36490,35543,39796,48698,43708,48564,52799,51165
42740,,,,,,37658,38669,38543,38580,39624,39928,40467,43097,44382,46157,49315,51936,57581,60232
42780,,,,,,44713,46184,47059,46513,48718,49917,51110,54182,57638,58997,60227,62951,65914,68435
42820,,,,,,26029,26909,26178,26519,26494,27306,28136,30065,31602,33845,33317,34957,37180,36810
42860,38251,39679,40197,41171,36587,42848,41153,37383,40565,35159,43266,43743,50192,47132,48204,49691,50393,55195,67124
42900,,,,,,46707,47266,49155,47618,48932,49292,50073,51601,54695,54545,54865,59086,64050,66007
42940,37598,39555,39552,39765,42099,40402,42066,43292,40715,39175,42107,45609,49963,47411,57741,51734,50239,59315,59665
42980,,,,,,43980,45666,45883,46501,47758,47000,48546,49080,49506,51250,55097,59504,65609,70208
43020,,,,,,,,,45485,45987,46677,47752,50679,53126,55152,56121,59228,65222,66189
43060,33974,36411,38310,42652,38486,36795,42272,42440,45012,46839,43317,41716,48744,48776,53511,51150,51451,50583,56579
43100,51034,46375,52082,51881,52217,49440,50935,51899,50678,54042,57047,54059,58361,60896,60706,62101,62188,62978,72902
43140,34628,36582,36045,36748,37902,38282,35753,35547,40581,37433,38885,36992,37205,40690,44987,43512,47150,51470,62186
43180,,,,,,38550,39480,39635,40759,40989,41984,43819,47117,48945,50415,52973,55354,59955,62197
43220,,,,,,48104,48912,48878,48755,49538,50406,51764,53087,58094,63983,60565,77070,80139,74508
43260,,,,,,48141,51667,52352,52008,56015,,53914,56455,58521,60807,59380,62531,68898,70855
43300,38877,43328,44802,45882,43261,45577,44574,47475,44378,52058,48126,52095,56718,51158,57476,58296,62919,66106,69019
43320,,,,41090,34547,40623,30937,34298,38400,34600,37833,36998,41295,40463,38897,43140,49449,49487,50754
43340,36022,36669,38975,39529,40936,40762,43634,44118,41583,42157,43292,40445,38627,41969,47447,46610,48164,52775,54904
43380,,,,,,48475,50527,51159,50427,51266,54550,56169,57673,61042,63806,64522,66536,73502,72822
43420,36027,38427,44499,44549,45706,45213,40903,43252,46647,45688,43291,45508,51816,50495,48484,51505,56600,55031,52025
43460,,,,,,37716,39113,38968,40651,39076,,40276,41628,42231,44139,46310,50556,54621,55225
43500,,,,,,36591,36925,37525,37899,38923,,38890,40470,37880,37843,37453,39429,44895,45921
43580,42905,42862,45118,44244,45422,44038,46431,44879,47270,49981,52698,56687,57207,61576,60132,61399,64232,66935,70718
43620,46497,51327,50287,56890,50498,52050,55609,51745,55952,58849,59844,63931,64882,61196,65566,67713,75946,77605,76226
43660,,,,,,42401,46380,46340,47513,50829,,55661,54565,55889,54326,50277,53376,58932,62689
43700,,,,,,32771,33282,32788,34092,33425,34790,34673,35022,37921,39998,40658,44561,44649,55667
43740,33083,33837,37554,37639,39362,39978,38658,46263,43429,46217,43660,43871,48846,50988,48895,51255,54352,48438,60515
43760,,,,,,,,,48426,48493,,50731,54325,56493,60108,60509,66846,70432,72259
43780,41282,43773,43534,43704,43607,41991,43880,44769,40784,46610,47207,49117,51880,54715,53471,55101,59416,60772,65834
43900,37347,39694,40923,45185,39691,41850,40167,40879,41062,43161,44028,46554,50074,51853,55339,53757,60472,57755,61196
43940,,,,,,42356,45137,43733,43273,44267,,48220,49275,52245,52641,52146,56166,62977,66766
43980,,,,,,43542,45462,46880,49035,49438,,48888,48978,47874,50521,51259,52307,61756,64082
44020,,,,,,50174,52704,53426,56136,56086,57265,57914,59889,58099,59969,60975,65215,72446,74570
44060,41667,42408,46382,48395,44719,47039,49078,47624,47485,49320,47548,52955,53321,58546,59646,59656,65283,68829,72819
44100,46375,48388,47974,53551,52649,50423,51280,55621,55366,55021,57824,53798,61573,63521,62205,62590,68796,73918,72201
44140,44040,47186,48981,51613,49177,49209,50229,51531,52397,50916,53393,54855,55379,57857,62346,61360,65520,68400,66997
44180,37537,38974,41480,45319,39744,40084,41439,42263,41034,41248,44786,45337,48151,46905,47034,50496,56896,57822,62921
44220,39319,42546,42687,45467,42367,39580,41292,39178,43742,41729,47963,46811,46665,49875,50128,51504,59431,56132,57910
44260,,,,,,30320,29013,29430,30987,32348,,33431,37348,38800,41109,40921,42946,45358,46930
44300,38450,40886,44644,47549,48960,44746,46988,50809,53207,51367,56337,60266,55895,57333,60706,61921,66789,66602,69101
44340,,,34135,39490,32185,29170,32251,35856,36153,32841,33477,43982,42138,44179,50436,48786,57656,47297,53297
44420,41988,42438,44631,45910,46907,46292,44358,45943,49767,52603,49834,51147,54249,52625,57844,58166,60488,73924,63275
44460,,,,,,,,,62002,61095,64963,63505,67472,74273,77443,76198,83725,95144,93984
44500,,,,,,39200,40096,40176,39586,40711,,42492,47013,48819,52742,55383,56691,59654,65351
44540,,,,,,40961,42324,41369,40415,41749,42319,43340,44876,48922,53318,49560,50998,54864,55074
44580,,,,,,45266,46444,46193,47667,48343,47401,49151,51969,53828,54232,57172,59812,62828,64536
44620,,52354,48715,49858,50282,48620,49680,45215,49872,51399,57244,53655,52247,57452,56358,60316,65928,70061,69391
44660,,37432,32051,38508,33662,35488,35181,35831,36087,38642,39840,35927,36914,48031,41272,42103,49348,45684,56371
44700,49391,51951,52470,54882,52789,50011,50853,50722,51432,51659,53705,59518,61164,64119,68997,68628,80681,86056,87418
44740,,,,,,43182,46145,46947,46951,48010,48195,49942,52784,54556,57125,54014,53645,62662,66564
44780,,,,,,44392,44433,44214,44051,44145,44449,45410,47856,50117,52086,53253,57080,62281,64707
44860,,,,,,41642,42844,42257,43657,45158,44396,45748,47832,51877,52078,54600,57745,63766,64725
44900,,,,,,32419,32224,32825,33228,32496,32913,35245,35718,36107,36807,37351,37946,43556,47785
44940,33696,35461,39030,37648,37689,36457,42009,39667,39780,36633,41169,40614,45585,45994,49263,45854,43210,55695,55982
44980,36073,35985,36591,40506,37602,35394,39822,40948,41011,39778,44989,47736,44895,47160,47349,49273,50751,58987,60444
45000,,,,,,50317,52484,51921,53107,53351,,51457,54083,56362,56352,56971,59292,59515,64395
45020,,,,,,37102,37177,37671,36806,37342,37102,38411,42019,44346,45537,43692,44700,47437,50160
45060,44727,44857,48600,48962,49630,49694,51391,51259,51496,51915,56371,56702,56780,58715,61213,61890,64296,68304,73268
45140,,,,,,32322,33990,35182,37260,37230,38694,38585,39187,40936,42774,43378,47421,52410,53668
45180,31505,33639,39297,33838,36526,34488,30367,31547,37810,39107,33443,38098,40621,42026,50147,43969,45063,56876,61514
45220,42335,42892,46891,44074,39973,41511,43950,44715,44420,44242,44295,50654,50825,50682,52729,53423,58945,58018,63993
45300,41852,43742,46607,46319,44061,43547,43832,44402,45880,46876,48911,51115,52212,54912,57906,57097,62951,69290,72743
45340,,,,,,35441,36205,33835,32637,35823,36582,35323,35314,36758,38329,41973,49481,55145,58908
45380,,,,,,41712,43964,44211,45145,45727,,47417,50668,52415,52834,52120,53188,56933,59253
45460,36299,36659,39289,41080,38299,41200,43378,41039,40629,41953,40974,46951,43843,50256,50129,50418,50440,54760,50992
45500,31934,40532,40520,38456,40703,40547,41740,38556,40382,40773,38814,42513,47722,45212,51544,49496,50070,48230,50711
45520,,,,,,42133,43742,43601,43765,43226,43422,46814,48510,50973,53105,54725,57853,61316,63602
45580,,,,,,34509,34068,34905,35329,34614,35774,35699,35375,36529,37640,39221,43257,48740,50904
45620,,,,,,35797,34419,31471,34035,35515,36641,38241,41336,40112,43740,47133,52315,55958,52966
45660,,,,,,42573,41761,42375,43764,44947,45444,48415,49153,49936,52500,52897,56043,62476,65020
45700,,,,,,36847,37414,37033,34591,34830,37653,37613,38728,42790,45639,44827,46245,52561,50810
45740,,,,,,34938,37502,37535,37898,40103,40315,37088,39756,43416,47164,46766,50194,52901,52264
45780,42798,45047,46442,44514,43324,41583,42067,43334,42792,45603,47093,48822,50389,51321,53563,53600,58191,61012,63074
45820,44464,44315,46384,49348,48144,45360,46469,48464,50369,54388,51674,56548,56834,54618,59567,59815,57474,62446,65301
45860,64544,66664,68407,67281,67835,66307,69097,67658,70981,73756,70667,76993,78436,76043,81195,81590,84978,88542,91020
45880,,,,,,,,,,,,,,,,,,,56056
45900,47394,46939,45500,46859,48020,46807,45627,49431,49270,54856,53226,56196,57184,62207,61637,64466,67346,72262,78073
45940,64657,65305,70258,73800,71650,70956,73890,67991,70857,74961,72417,77650,79173,80632,79492,83306,87662,95668,96152
45980,,,,,,29181,31179,31702,33090,32798,,33193,35684,34678,37446,39218,40106,42616,47961
46020,51615,50675,59150,53195,57884,54456,54080,53768,54851,56917,54177,59022,65385,66299,68818,68333,79519,78401,87998
46060,41521,42984,43546,46599,43137,44274,44112,44762,43824,45856,47099,47560,51425,53464,56169,55023,60667,64014,69758
46100,37559,38067,39541,38350,39689,37439,34874,40550,42304,44819,45964,48449,48256,49370,57642,50266,55306,57681,64324
46140,40504,41649,45670,47067,46412,44519,46093,47969,48327,50740,51352,51623,52275,55633,57859,57341,59696,63396,65561
46180,33085,34842,40395,38660,36316,38154,39381,39144,41990,41319,36999,40384,51342,49206,48831,50132,56354,52755,62004
46220,31708,35495,39020,40402,40017,41047,40465,38749,44895,44143,46470,46086,51164,50939,49721,50871,53998,58620,58193
46300,38167,38610,39835,41702,39076,41505,40498,41383,44424,44625,45640,50924,51460,52292,56667,53944,55519,62921,66078
46340,37964,41090,44611,47159,46456,43209,43814,46286,47745,43958,49060,52572,54339,58226,59584,59450,63115,68192,72313
46380,41734,39705,42941,43205,41867,40536,42431,41369,42042,42660,41896,43809,53024,51830,51744,52915,59444,65520,67454
46460,,,,,,38013,38540,39668,38216,39050,38012,36915,36442,38646,39615,39985,45606,50638,53102
46500,,,,,,49246,48335,50214,49157,49840,50974,53673,54495,57103,60112,59909,62865,70486,74239
46520,,,,,,,,,73388,74634,77273,80513,81284,84423,87470,87722,90704,96580,103131
46540,38423,40253,42910,44394,45266,46625,45111,46633,43396,47736,48935,52534,52214,55286,57778,58983,60313,64203,61799
46620,,,,,,35087,34456,34110,34902,37078,38568,39011,40781,41752,41679,45936,51602,55000,57849
46660,38429,34469,39479,42073,38558,36028,32446,36456,35104,36340,36740,39734,40391,35186,43787,43859,42233,51926,54924
46700,62213,61533,66880,70635,65783,63384,63795,62066,63520,67999,67443,73900,77133,84395,86652,84638,87770,92959,100027
46780,,,,,,44415,45111,44602,45355,46436,48060,50547,50974,52754,54254,55991,59210,64841,65344
46820,,,,,,37198,39118,38377,38173,36627,,38399,41773,43189,50724,51447,56077,55963,58794
46860,,,,,,59730,62450,61850,62067,62363,66815,67943,67012,66736,65264,59428,61293,67983,69861
46900,,,,,,40105,40050,42271,41658,41901,41630,43635,43913,48773,45302,45121,45262,50769,51626
46980,,,,,,40404,40469,40876,37390,37686,38044,37650,38506,40786,45113,46909,50686,54117,56648
47020,36547,44372,45536,45842,47787,45802,44794,50122,52111,50107,56073,55228,51923,51683,56627,58629,54333,70206,69490
47080,,,,,,32338,33084,32102,31454,31842,,34509,37279,37897,40513,41607,43636,47430,53809
47180,,,,,,39523,40391,41089,42119,42997,42725,44624,44837,46457,47380,47394,51784,58173,58863
47220,46064,47443,47883,50833,48959,51619,51548,47072,45978,45339,51315,49110,52627,52795,54587,55709,58389,60755,64908
47240,,,,,,,,,66288,65518,64222,63534,67535,71224,71811,77318,77392,93225,102348
47260,51077,52976,54824,57122,55209,57315,57356,55997,56161,58871,60093,61805,64255,65604,69329,68454,72686,74556,79325
47300,38722,41933,40595,45117,39997,43397,41167,40302,39422,42611,42413,45881,46266,48817,57692,52534,58209,64722,73097
47340,,,,,,43157,44242,44389,45286,45657,45649,47473,49052,50637,54259,56573,59611,66194,68414
47380,36135,36442,40511,39700,38837,39143,40484,40658,40170,43184,46307,46590,45961,47328,50368,49534,60070,63501,62743
47420,,,,,,47392,49545,52081,52931,55159,54020,55586,58051,59532,61136,59705,61322,67099,70762
47460,,,,,,45575,46793,47166,43870,50737,47283,54655,54157,59704,61285,60615,65271,65300,72812
47540,,,,,,52018,52838,52267,52239,52773,54274,55914,59516,61758,64074,66193,69315,75231,76454
47580,48962,48604,53298,58578,49965,58401,51021,54457,48553,46773,51954,59409,54802,54024,61936,63074,70552,70565,75680
47620,,,,,,41286,42167,43108,43764,44391,44020,44977,45781,48409,50250,52034,55796,57925,59013
47660,,,,,,44985,47268,47960,47223,49978,49792,48977,50689,53056,55273,56440,59952,62503,67123
47700,46787,47352,50332,49142,46494,47308,50803,49301,51221,53825,52888,53963,63463,55253,64099,62789,65540,68778,70140
47780,,,,,,44592,45231,45927,47165,47104,47342,47939,48355,51032,53629,53800,57083,64113,68561
47820,,,,,,40653,40986,40147,40429,40671,40391,40906,41101,43688,45212,48051,51894,56081,57997
47900,74708,78978,83200,85824,85168,84523,86680,88233,90149,91193,93294,95843,99669,102180,105659,106415,110355,117432,121469
47920,,,,,,39599,39263,38864,37619,40576,40503,41954,44289,46478,47308,48637,52964,56773,60047
47940,41194,43807,43113,48286,44487,45811,44416,50729,49050,52991,52255,53877,52318,56245,63131,58996,61833,65061,62381
47980,,,,,,43459,45141,46933,47214,47891,,50133,52025,54774,58503,59849,63268,67993,65080
48020,47362,50852,54659,55581,52833,49611,53217,53675,51235,55675,62399,58703,56675,65651,71708,67167,68319,78628,82864
48060,41011,38195,43725,45465,43080,43557,45500,46558,46683,51086,51107,45624,47101,53146,53917,54726,60398,56423,61512
48140,49906,50443,53377,54649,49674,49356,51678,52419,51635,53300,55687,54774,58173,62890,65094,62237,71486,67462,74141
48180,,,,,,36151,36293,36320,35967,36974,36605,36733,37897,41540,38469,41363,43495,49055,49037
48220,,,,,,42108,43125,43917,44972,45056,,47250,48520,48884,49900,51351,55074,58669,59108
48260,36102,34776,38698,38079,37892,,,,39277,44582,43452,44733,45971,43747,49510,47525,49362,58076,53422
48300,40302,47435,43444,46754,49755,47839,50075,47251,51177,50986,56319,52231,58990,61714,60532,62894,65006,87459,73601
48460,,,,,,35282,35625,34148,32533,33006,32784,33964,34984,36143,38357,39482,43200,46401,49814
48540,34032,32510,35446,38687,39009,38415,40081,41677,40289,40929,47726,44131,49343,49749,50440,49928,52728,56218,59180
48580,48656,51846,54022,54190,49482,53388,52250,48940,52057,52277,58537,58302,60178,63800,63549,66034,69996,72713,75229
48620,43259,45198,47404,49827,48202,46131,49799,48509,49476,52231,51591,53663,54432,56909,59779,58333,61131,67012,67434
48660,40397,36997,41431,45417,43628,39633,44118,46653,44702,43804,45641,44951,45267,50309,52233,51099,55107,59256,63502
48680,,,,,,,,,,,,,,,,,,,74715
48700,38562,38907,41714,42084,39968,41037,42391,45710,47373,45161,51455,49052,50909,55045,53881,54906,60494,62516,62135
48780,,,,,,55396,62082,69617,76210,82823,88013,90080,89874,86575,87161,79508,80142,86139,90224
48820,,,,,,49512,49915,50156,50149,52043,52632,53514,56604,59089,60294,64252,67798,73285,75097
48900,41000,44166,44780,48111,44034,44825,43260,49999,47594,48469,52655,50155,52416,52756,57667,57488,66939,72339,76904
48940,,,,,,46261,47264,46443,46048,45909,46787,48675,49997,51354,52815,54683,57409,64210,68125
48980,35033,37023,36908,38004,40053,34883,36508,37020,41095,38774,41204,39036,45960,42769,38830,44594,47201,50267,51247
49020,49736,47279,55860,50999,48498,46626,50772,47850,55045,52568,60752,60962,65334,65170,76583,69417,72798,82028,81272
49080,,,,,,,,,59472,62632,65212,67295,69324,70373,67756,66123,70315,75574,79946
49100,,,,,,44217,44848,46900,47468,48476,50547,52840,53975,55529,59329,60020,61753,66162,70198
49180,42444,44706,44970,46028,45722,42644,42381,42254,42563,43665,45098,47711,49162,48699,52322,52607,57392,61556,64406
49220,44062,,,,,,,,47726,50831,50796,51887,52110,55273,56278,55684,52627,63643,66461
49260,,,,,,49672,51087,52048,51867,54387,55300,58569,57602,58706,59001,54746,55165,60873,65060
49340,55513,58984,61988,66878,63360,61212,60493,62505,61789,64556,65427,67763,69412,70869,76348,75705,83195,83891,94099
49380,,,,,,43040,45552,47539,48208,50340,50625,53269,53267,54149,55304,56000,57101,62973,65509
49420,34412,38909,42686,45242,41249,40648,42173,43942,41917,44648,47223,48965,47402,51555,56233,54917,61012,63865,69525
49460,,,,,,47124,51680,53589,52578,50044,48176,48723,50029,54694,58342,61878,67052,68847,73855
49620,48911,52428,55120,56910,57027,56368,55551,55648,57065,58587,58409,62462,63519,65239,69172,68940,72949,80130,81362
49660,38497,40031,40292,40549,40920,39240,40599,40686,41992,42228,43127,44981,45382,47476,48558,48020,51194,54506,51350
49700,43885,45287,47777,50746,47327,46314,46509,45646,46773,48115,51185,50775,58727,54745,61307,61655,63678,65034,77335
49740,35956,37457,40733,38930,38681,42240,38390,39485,41666,40008,40539,43518,46798,43403,46419,48790,57304,53994,62888
49780,36870,36047,40702,41569,36989,40894,38259,39266,39212,41230,42815,43422,43113,49602,51844,48350,51173,58326,56654
49820,,,,,,,,,31109,30758,,36976,34550,31113,33952,32945,34406,35061,36527
