StateCode,1/31/2007,2/28/2007,3/31/2007,4/30/2007,5/31/2007,6/30/2007,7/31/2007,8/31/2007,9/30/2007,10/31/2007,11/30/2007,12/31/2007,1/31/2008,2/29/2008,3/31/2008,4/30/2008,5/31/2008,6/30/2008,7/31/2008,8/31/2008,9/30/2008,10/31/2008,11/30/2008,12/31/2008,1/31/2009,2/28/2009,3/31/2009,4/30/2009,5/31/2009,6/30/2009,7/31/2009,8/31/2009,9/30/2009,10/31/2009,11/30/2009,12/31/2009,1/31/2010,2/28/2010,3/31/2010,4/30/2010,5/31/2010,6/30/2010,7/31/2010,8/31/2010,9/30/2010,10/31/2010,11/30/2010,12/31/2010,1/31/2011,2/28/2011,3/31/2011,4/30/2011,5/31/2011,6/30/2011,7/31/2011,8/31/2011,9/30/2011,10/31/2011,11/30/2011,12/31/2011,1/31/2012
6,474804.3033,473753.8505,472251.0316,470324.4842,467319.459,463858.7533,459429.6643,454811.1408,449620.6165,444173.6035,438698.175,432828.628,426983.9091,420085.3251,411844.5398,402184.6493,391902.2946,381916.9277,371803.8232,362067.8141,353072.9276,345294.613,337753.7368,330518.4801,323755.1207,318829.7977,314750.423,310917.1939,307202.668,303956.4244,301549.0158,299536.9368,297960.8909,297120.7471,297948.4281,299842.8866,301766.9955,302570.8285,303597.8687,304877.0625,306285.5271,306221.0094,305091.3723,303161.7858,301193.0006,299080.7588,297209.7775,295877.1501,294839.465,293845.3103,292380.7825,290821.9399,288479.9479,286594.9959,284953.5991,283163.2516,281026.1299,278744.4077,277617.7539,276883.4691,276504.9573
48,139567.1123,139709.4246,139691.6202,139908.0247,140303.8042,140818.4047,141277.6332,141765.7237,142246.7191,142689.6434,143058.7113,143399.1495,143261.5466,142863.649,142277.7844,141970.3409,141750.0266,141552.4486,141389.0892,141040.9124,140537.1373,139937.9013,139350.0115,138806.3879,138311.7865,138052.0409,137945.4606,137929.0156,137928.8307,137904.8413,137915.6694,137800.2154,137647.8759,137445.6117,137488.0308,137612.121,137672.4068,137658.9152,137683.7557,137857.3743,138057.8756,138103.2142,137858.458,137385.7312,136825.7853,136262.376,135677.8985,135170.2131,134729.0542,134264.9005,133808.7804,133367.4172,133017.8786,132661.6416,132463.9333,132347.6272,132306.0063,132194.4238,131985.8588,131742.2436,131630.6881
12,251767.5054,250726.7732,249530.9405,248150.0298,246351.9004,244104.561,241397.276,238405.1369,235341.8289,232208.7743,228932.8077,225610.4296,222000.9099,218438.4214,214633.714,210928.8606,206948.5561,203077.7217,199119.9775,195005.1917,190820.5257,186587.8357,182426.0424,178446.9416,174704.4493,171378.9778,168252.6967,165139.8567,162128.4295,159263.7912,156812.7065,154554.4413,152486.8729,150737.6828,149571.4304,148685.0929,148002.7911,147408.6369,147003.9038,146650.5259,146192.3467,145501.4292,144543.8894,143348.1477,142042.8275,140677.7215,139295.3018,137977.5778,136660.7851,135412.1413,134136.8762,132903.0565,131670.7845,130556.8977,129530.4092,128722.7881,128115.6857,127767.6503,127589.7469,127508.6548,127536.8153
36,277067.2733,277286.5223,277577.1782,277696.032,277923.835,277958.6635,278014.2439,278091.0996,278096.986,278298.7898,278502.0219,278612.3952,278680.6514,278544.2775,278388.7631,278034.7319,277442.761,276634.7437,275563.9312,274405.7432,273111.2769,271555.6365,269852.6071,268219.6027,266709.1099,265409.2693,264257.0456,263275.804,262373.9159,261394.4904,260379.3945,259283.6493,258360.7334,257646.6139,257190.2528,256884.0752,256660.7752,256642.5923,256719.7542,257106.7396,257520.593,258074.1138,258428.3955,258342.7449,257807.035,256838.8764,255825.8222,254799.316,254075.1902,253519.6725,253177.8575,252718.4487,252225.8834,251491.8344,250773.7121,250072.4009,249432.2705,248794.8836,248101.0469,247514.3234,246998.0832
42,162642.3838,163019.0337,163491.6466,163927.8757,164347.3021,164666.4382,165010.6064,165257.6147,165381.8666,165463.2873,165567.3413,165649.2063,165606.522,165576.5483,165511.4789,165466.2097,165266.0671,164946.6855,164378.6438,163639.2512,162859.1612,162181.9868,161544.5598,160857.4895,160156.7289,159696.2886,159468.8093,159331.802,159093.4917,158766.5925,158409.0176,157988.4852,157591.1201,157320.1717,157265.2373,157350.5398,157593.5381,157932.3314,158403.212,158860.8189,159161.0697,159213.9848,158971.3834,158510.5156,157824.0176,157013.4144,156122.1252,155280.9749,154549.7316,153957.2076,153505.5011,153022.7158,152464.367,151751.5113,151039.7323,150448.6897,150024.7221,149676.8044,149328.6542,148989.5191,148694.7518
17,205251.9657,205751.3331,206150.2805,206336.3549,206356.7133,206237.1373,205965.5755,205620.6561,205072.3067,204461.707,203825.8973,203071.5766,202248.4023,200628.4778,199869.1255,198452.9645,197954.755,196315.1462,195250.8496,193256.6368,191560.9108,189259.7565,187103.9719,184572.1816,181842.4142,179667.2174,177546.5895,176205.684,174616.4633,173348.2769,172103.6107,170975.83,169436.3345,167937.7171,166473.1853,165724.7593,164994.1713,164655.1883,163856.8997,163948.981,163625.8084,163925.7372,162754.5678,161719.4266,160083.9266,158756.5234,156944.7504,155174.123,153581.3491,152330.3421,151423.2015,150345.0134,149524.1644,148479.9088,147840.567,146948.8418,146087.2189,144650.4142,143475.8004,142028.3786,141078.5463
39,127178.4486,127088.3347,126964.2775,126825.255,126662.7919,126515.2219,126318.0307,126085.1185,125905.1105,125695.8401,125353.0063,124919.7797,124454.3808,124005.9499,123639.4904,123322.0891,123065.0134,122772.7295,122488.6784,122148.2931,121742.8462,121213.6212,120681.7284,120049.3927,119320.0106,118521.1121,117798.5869,117289.5975,116930.428,116615.0578,116238.3297,115830.3864,115453.5696,115182.8381,114913.4757,114684.4612,114465.3364,114413.9577,114389.3575,114429.1707,114427.0943,114373.5108,114129.7173,113766.3978,113283.4893,112741.8126,112104.7896,111410.9561,110759.7991,110152.7481,109673.3845,109178.818,108692.3682,108218.7295,107882.0323,107629.9343,107367.347,107051.9783,106718.7148,106423.3383,106078.068
13,164849.1376,165219.6886,165575.1035,165949.268,166269.0794,166485.3753,166587.5635,166625.0995,166515.2028,166300.1777,165902.4901,165492.624,164875.8789,164182.4713,163341.2617,162617.7891,161924.6441,161196.5316,160326.4424,159321.3604,158250.9594,157059.9904,155575.1176,153784.3207,151962.0627,150328.2027,148858.9371,147297.2413,145667.9318,144107.1416,142788.2131,141663.3023,140604.4504,139555.7451,138623.6809,137880.6197,137189.0586,136593.8539,136115.8378,135900.5042,135720.5431,135427.8243,134714.1675,133688.9173,132322.0396,131008.5241,129659.4056,128421.5799,127191.8929,126164.1997,125125.2825,123939.055,122488.3642,121061.4004,119859.5803,119013.3557,118449.1777,118018.2309,117655.4609,117058.518,116551.9934
37,163149.2294,163729.4151,164379.5177,165049.9803,165774.8096,166476.1419,167080.4457,167625.263,168053.7983,168390.7668,168640.3541,168801.6265,168909.4757,168974.0669,169053.3154,169095.2751,169047.5724,168820.1606,168436.7495,167988.7081,167512.3234,167026.6771,166416.9775,165687.1686,164884.0016,164280.2459,163802.2808,163312.3015,162669.1113,161941.4465,161220.2515,160404.2418,159660.1679,159039.8063,158621.4694,158224.5537,157859.2941,157461.4703,157143.6199,156997.4236,156945.4518,156812.4236,156403.3891,155820.2096,155151.5336,154489.2902,153811.2932,153154.429,152474.2972,151832.8341,151173.7648,150464.7425,149771.9959,149139.1585,148584.0436,148020.9368,147522.8631,146958.3105,146396.5416,145855.5133,145436.04
26,142482.8041,141881.6727,141245.6651,140615.1612,139861.1905,139155.0369,138306.3167,137564.6794,136631.4468,135693.2078,134645.4812,133717.7313,132770.2744,131676.5183,130353.0992,128813.0241,127308.9341,125841.6707,124360.0874,122606.4293,120898.2957,119420.3247,118084.3329,116509.5916,114553.9265,112528.7923,110565.7493,108879.0523,107398.6769,106043.9921,104905.7386,103812.8071,102849.8528,101776.4598,100833.3438,99986.1082,99441.00563,98921.44251,98592.04633,98449.12577,98569.87372,98766.21471,98698.09552,98392.21089,97795.57101,97104.04908,96276.75252,95487.496,94673.88947,93988.84853,93381.4913,92816.85972,92309.196,91811.74065,91455.84893,91287.1339,91239.50665,91189.4046,91039.01983,90849.29927,90703.94311
34,363682.0678,362791.2618,362553.6951,362701.4369,362639.4379,361880.9103,360467.6207,358754.9063,357077.7248,355547.5577,354008.9824,352445.7596,351074.5756,349979.4937,348595.5792,346482.5683,343607.8347,340652.0338,337819.9067,335104.6107,332328.0904,329389.2944,326268.0838,323409.9689,321220.3786,319436.7435,317715.3172,315509.4377,313156.7295,310781.5649,308608.9761,306733.2376,305158.4239,304007.3784,303237.8745,302930.4668,302856.1006,302930.82,302871.5358,302769.2665,302500.8782,302040.4691,301223.8137,299966.8353,298260.4306,296253.3461,294286.2211,292475.887,290993.0262,289593.4587,288154.1845,286475.7224,284572.2593,282530.7441,280351.8964,278399.8757,276693.6205,275166.7079,273548.1748,271868.3594,270518.5722
51,260913.3716,260813.4534,260748.7192,260899.6406,260718.6376,260133.0159,259029.6504,257802.7597,256680.5763,255708.9939,254748.4543,253481.7394,252015.0084,250371.1214,248437.1462,246235.6757,243890.6936,241851.4575,239770.5538,237470.6824,235093.4378,233082.733,231417.696,229915.2099,228282.601,226705.3179,225159.9421,223780.3772,222606.8931,221531.7835,220578.5165,219591.1713,218623.3718,217751.4072,217256.107,217165.8768,217456.9193,217801.2085,218167.4972,218561.691,218919.2012,218944.7627,218392.7207,217494.3748,216523.9658,215645.4827,214764.9204,214062.0861,213452.5057,212843.0988,212136.7422,211466.6868,210853.7218,210314.8141,209769.1332,209286.0627,208703.9231,208084.2294,207554.772,207296.2228,207228.1181
53,309240.1444,310366.4692,312085.6667,314262.4536,316200.2041,317447.2569,318025.3471,318473.034,318674.7811,318162.6197,316924.6115,315431.6897,313949.9008,312609.6973,311263.379,309429.4451,307015.8845,304219.0101,301493.3468,298533.5551,295508.0562,292646.0788,289891.6972,287026.2045,284443.4715,281787.6804,279005.9931,275395.246,271992.5156,268992.9578,266806.4846,264895.4412,263312.1148,262256.9106,261728.8951,261377.3925,260420.0725,259325.8899,258270.049,258209.2159,258444.4513,258102.9997,256602.5155,254232.1634,251848.5674,249345.4668,246975.1678,244687.0237,242744.4724,241211.6333,239485.2127,237543.1802,234750.0433,232244.3476,229895.7934,228080.579,226221.0564,224480.6004,222897.79,221598.2549,220691.592
4,273351.5656,272015.6684,271306.8275,271050.5302,270725.8071,269811.6501,268275.3268,266166.9032,263529.3653,260869.6042,257388.1381,253921.7599,250210.5312,245750.6287,240854.5583,235154.5308,230691.1493,226332.5584,221794.0315,216104.0538,210381.0601,205361.9216,199712.8102,193863.818,188431.2476,184957.7974,181843.5224,178694.0248,175154.9019,172148.4715,169622.7962,167320.4306,165187.154,162915.7576,161930.8738,161653.5762,161576.0687,160735.4668,159683.8157,159167.7573,158519.9987,157724.7845,155840.033,154109.6467,151962.0193,150238.9707,148347.7564,146598.0198,144722.822,142953.0453,141535.3887,139941.3353,138399.0233,136738.0998,135606.1887,134895.6844,134455.4253,134275.9964,134114.3552,134608.1253,135118.4468
25,345722.2934,344706.5733,344095.9975,343465.8016,342743.3033,341730.1131,340354.5341,338928.6523,337528.2345,335950.0651,334325.462,332696.3163,331001.7538,329079.8297,326974.3931,324996.5545,323291.7801,321777.0082,320075.5749,318120.371,315671.1467,313021.4279,310342.0751,307936.9692,305854.51,303864.7676,301830.8904,300058.5681,298857.9829,298084.6927,297526.1024,297007.0198,296673.6006,296408.0674,296444.3472,296986.4197,298026.7365,299377.1959,300502.6114,301636.6231,302380.3118,302967.6695,302811.9345,302181.7599,300672.7083,298972.7455,297364.3963,296502.493,295789.0477,294765.3946,293298.4173,291997.3963,290883.4731,290119.4747,289371.5895,288593.7077,287386.8656,285803.2807,284177.1522,282948.3524,281948.9815
47,144470.1943,144853.3429,145306.9271,145842.4262,146374.3588,146852.3606,147245.7266,147550.6837,147693.8216,147720.3951,147557.9408,147297.85,146865.3683,146449.9446,146099.4768,145906.488,145771.506,145589.2438,145274.1027,144819.1542,144282.3899,143779.0994,143251.0592,142705.6878,142202.8463,141816.0243,141442.866,140944.857,140291.5676,139611.5784,138965.2137,138443.9898,138013.4603,137685.4766,137404.2139,137200.6548,137101.9158,137039.0225,137061.5789,137114.1001,137198.8651,137178.4657,137032.9062,136755.9922,136380.0489,135915.4499,135427.1238,134894.5699,134291.1275,133739.3846,133217.9381,132832.8443,132435.886,132087.9934,131738.3138,131434.8518,131144.2825,130815.0341,130503.262,130215.6314,130077.4236
18,115376.4767,115451.3518,115445.8235,115514.9429,115494.3836,115461.5967,115343.8107,115306.8301,115260.9782,115328.8116,115537.8972,115865.0848,116085.0784,116149.2037,116110.1987,116020.381,115888.344,115761.8224,115573.0948,115273.3615,114877.2379,114551.6181,114249.8559,113879.975,113536.5908,113235.2218,113063.2331,112922.0804,112800.7009,112691.2001,112477.5742,112217.6586,111939.66,111693.7594,111551.0421,111488.9069,111422.3837,111433.4822,111449.8872,111610.1232,111696.0528,111769.1892,111712.0457,111535.6256,111165.0383,110717.8735,110207.8958,109774.9517,109352.825,108963.8632,108629.9241,108357.5292,108099.9534,107867.8529,107741.727,107776.3154,107858.7272,107892.5453,107825.5105,107684.805,107447.4361
24,339004.743,338732.4077,338775.7275,338906.8602,338967.8903,338761.4866,338302.7309,337741.526,336931.3149,335447.8093,332970.5948,330119.6965,327651.8558,325672.8456,323687.5581,321280.7418,318121.8038,314434.4333,310177.5374,305954.5716,301669.8109,297629.3979,294243.0927,291115.3181,288064.5813,284761.1223,281338.6224,277860.9193,274600.5737,272121.186,269901.7349,267989.2818,265781.1389,263937.3522,262481.7666,261499.9102,260954.5977,260334.4294,259895.2517,259554.5962,259627.3029,259598.7064,259116.5917,257767.8761,255892.2069,253918.7765,251925.1312,249927.4172,248082.0977,246943.9236,246402.8886,245841.6716,244849.4997,243767.613,242542.0393,241236.091,239684.3165,238466.863,237623.3329,236944.7877,236168.3332
29,136897.0903,137063.7241,137208.7355,137304.315,137350.2289,137345.2632,137318.1492,137258.3808,137140.3066,136960.312,136658.9035,136326.8012,136027.9147,135888.3276,135788.9422,135546.8071,135211.7533,134788.2127,134344.0863,133857.8195,133393.2129,132973.4298,132437.189,131857.5583,131288.8226,130870.7492,130553.7121,130241.5157,129845.0921,129306.5934,128692.7721,128147.9089,127642.3565,127256.1043,127125.7603,127208.2401,127248.1826,127087.9362,127027.7016,127175.5404,127365.7349,127277.3248,126905.7728,126316.4551,125588.8869,124765.3381,123910.5274,123086.1725,122345.459,121692.5132,120986.9869,120261.8439,119542.1645,118936.8273,118446.1521,117948.7422,117530.9491,117042.3907,116618.4432,116146.6588,115801.2318
55,174572.2142,174799.2456,175062.0259,175223.6766,175301.1819,175297.9177,175111.3905,174987.3553,174895.5874,174925.0305,174889.2273,174830.8082,174717.9929,174404.0315,173834.5325,173119.7004,172454.4894,171971.2624,171500.9843,170969.7304,170297.1715,169364.0133,168238.85,167118.8924,165663.7998,164630.4478,163763.1375,163541.1373,163142.4327,162707.3163,162110.7692,161627.3078,161100.3802,160575.4265,160009.1342,159544.9445,159429.3745,159626.102,159987.6315,160322.9837,160522.6073,160386.4511,159932.0337,158973.4142,157623.1762,156201.1192,154836.1831,153678.5599,152658.2894,151665.0254,150762.9771,149815.4481,148919.2118,148109.8805,147296.6051,146672.1276,146174.508,145690.2408,145268.7593,144734.5871,144354.6507
8,235132.7905,235018.8152,234954.71,235089.1884,235489.4692,235904.1347,236210.0075,236354.1966,236169.3761,235727.4708,234996.3361,234140.0687,233136.8073,232224.8647,231350.0888,230580.0383,229719.4247,228872.6492,227873.9604,226921.0482,226120.6417,225487.9408,224776.0475,223981.8646,223218.779,222757.9299,222445.5571,222207.5037,221910.8076,221569.9758,221068.8532,220579.1199,220166.567,219948.7799,219967.9959,220166.5352,220664.8077,221248.916,221761.9877,221920.9681,221636.0201,220995.3562,220102.8265,219089.237,218029.3148,217037.8565,216123.6247,215247.6095,214507.1798,213830.3945,213186.1356,212509.2786,211614.3363,210796.5034,210009.2351,209527.2428,209258.7141,209109.7829,209083.0287,209131.199,209397.1486
27,207682.435,207763.1883,207673.9693,207395.0224,206918.1826,206298.3357,205443.4417,204652.895,203868.5686,203171.5635,202222.1779,201019.8519,199631.1182,198028.9889,196475.2514,194964.8388,193621.7103,192397.22,191071.3565,189421.1935,187538.697,185568.0373,183759.3516,182126.5365,180585.9447,179134.4176,177458.5116,175908.9178,174681.1575,173878.2298,173307.8463,172839.1396,172255.665,171530.3886,170784.0744,170343.4395,170137.5367,170212.4297,170648.6713,171172.9984,171643.4378,171634.5482,171259.0903,170269.644,168826.4985,167182.7084,165662.6769,163967.8757,162359.8954,160683.2627,159452.9347,158187.8848,156947.9478,155682.3177,154559.6377,153708.9981,152953.4114,152227.9447,151432.9847,150613.8764,149965.343
45,159565.6849,159965.0418,160337.8042,160593.2341,160840.7101,161007.1658,161170.5622,161306.1877,161391.5137,161328.067,161194.6829,161038.3158,160989.7549,160882.6575,160627.1161,160305.0381,160001.6333,159730.104,159236.1469,158586.2398,157875.6811,157224.8346,156377.8414,155506.4542,154505.1843,153597.0825,152848.3349,152144.3447,151338.6342,150350.5586,149434.2732,148702.9315,148057.4178,147461.4823,147006.0975,146722.1178,146583.8165,146402.9935,146156.4412,145977.571,145918.2695,145782.5393,145427.2944,144933.4563,144302.8659,143612.2502,142928.5418,142158.7081,141302.0845,140308.7028,139491.5549,138721.0942,138018.93,137339.9822,136812.9126,136341.1791,135871.3494,135389.576,134938.862,134712.8114,134684.0963
1,131162.4032,131597.9342,132129.7475,132812.4616,133225.6926,133497.5149,133588.7026,133711.251,133809.2862,133896.2425,133883.8864,133790.4731,133587.6327,133380.9684,133142.8218,132964.1056,132849.2017,132833.5971,132782.2846,132549.3965,132265.6142,131864.0645,131520.0117,131016.9377,130594.6718,130112.718,129641.9949,129049.3898,128465.3981,127854.4895,127270.3956,126664.9028,126087.2219,125607.8646,125218.0234,124899.0115,124702.6585,124562.4319,124297.7849,123922.8907,123478.6301,123035.3108,122458.5364,121824.4975,121244.0795,120775.3113,120230.6453,119589.3295,118904.4505,118309.9745,117890.4684,117555.5401,117300.1291,117029.6093,116732.4914,116430.0314,116088.3328,115734.731,115286.3064,114910.9059,114771.0986
22,149725.0215,150265.6577,150872.5225,151497.6768,151919.0117,152263.3953,152529.9178,152908.6263,153245.5339,153492.7584,153690.1152,153774.9992,153870.1429,153825.6213,153747.3429,153632.4223,153591.5075,153587.5195,153588.2698,153641.2729,153664.9281,153631.8855,153360.1511,153054.0212,152757.2729,152665.1062,152638.2451,152797.6365,152868.3171,152923.5891,152830.6865,152629.4552,152378.4294,152117.2262,152022.0556,151839.4493,151821.0153,151855.7453,152080.1755,152215.4249,152362.3241,152490.8681,152464.7467,152349.8407,152231.0454,152132.2121,151943.685,151477.2502,150663.8015,149771.6804,148959.1897,148441.8336,148066.1558,147866.0007,147733.3693,147642.4654,147488.1365,147389.0248,147253.1306,146988.6796,146756.6214
21,107241.5499,107394.0154,107501.1278,107516.5061,107513.6976,107531.7756,107604.1339,107690.7816,107771.5796,107883.1574,107927.6321,107931.7074,107880.6847,107854.8622,107832.27,107692.6255,107514.9746,107329.8709,107260.5721,107257.3943,107284.6046,107300.0572,107243.1376,107143.2548,107062.6641,107032.5145,106984.3704,106896.6705,106736.0471,106562.6715,106362.3928,106175.4089,105972.848,105823.8145,105720.7604,105707.6379,105688.5938,105668.481,105714.2989,105847.4157,106003.5163,106025.5079,105938.544,105790.3957,105649.5538,105500.8832,105216.6778,104843.3808,104344.0405,103847.6789,103393.4991,103055.705,102786.1201,102538.7736,102309.893,102113.1034,101921.6871,101716.6541,101615.2044,101554.3437,101537.7452
41,264916.0684,265770.8449,266792.9109,268220.5215,269694.0105,270711.1544,271244.4264,271347.0675,271306.8169,270990.2285,270304.3687,269376.476,268013.3494,266968.5404,265687.1417,264381.0844,262547.9507,260546.1767,258492.0656,256270.1453,253964.039,251620.4797,249353.8579,246972.1708,244899.4838,242656.2125,240411.339,237858.2562,235444.2504,233010.7063,230601.3507,228584.3245,227123.7167,226127.3544,225313.3959,224669.4283,224049.2738,223558.7044,223416.3046,223211.8846,222545.0098,221392.1719,219962.7047,218301.1033,216254.2616,214216.1127,212384.5712,210665.2392,209065.2907,207388.2899,205537.0494,203620.9152,201902.0116,200618.9995,199589.2694,198641.6319,197829.5233,196906.0317,195855.2304,194721.2099,193927.6748
40,105086.29,105290.0859,105451.5486,105622.6708,105849.959,106147.2572,106503.0565,106839.9466,107106.2168,107283.5046,107447.2244,107578.956,107627.2302,107689.3947,107587.6657,107599.3979,107639.856,107854.5638,107955.07,107965.3931,107962.1034,108032.1612,108003.1232,107891.1098,107732.5596,107493.3085,107318.0697,107186.3534,107231.5689,107354.3603,107491.0413,107627.2748,107733.4792,107765.6283,107881.0665,108001.0656,108183.0098,108327.7303,108547.9894,108842.8787,109148.0281,109272.5283,109151.2506,108915.2436,108608.7907,108212.448,107657.7083,107179.2382,106831.9271,106623.3274,106386.5446,106120.5094,105818.6376,105552.6874,105445.9692,105463.6524,105572.7939,105483.3995,105310.6819,105088.8712,104960.8921
9,302116.1158,302138.6791,302188.8231,301999.692,301652.9406,300983.8531,300140.1902,299376.0097,298849.7815,298328.243,297413.918,296269.379,294307.3953,292192.5484,289723.8596,287816.0068,286307.4922,285061.3511,283584.3662,281584.683,279116.7966,276527.0109,274078.8936,272030.1755,270227.0788,269081.4327,267720.9057,266411.4368,264418.545,262396.1487,260264.1863,258714.5449,257393.8541,256348.8852,255011.4931,253726.8669,252488.9081,251851.7013,251836.7492,252535.1426,253181.0457,253679.5014,253427.1248,252694.4942,251480.7625,249642.2787,247350.3336,245090.0648,243776.5392,243137.8745,242301.0855,241235.925,239881.7469,238916.1036,237694.6819,236218.7131,234421.6484,232517.4157,230924.513,229450.8144,228258.0401
49,220123.3728,222689.3034,225303.0444,227765.3505,230182.5027,232831.0714,235502.8135,238132.0898,240118.3671,241645.6487,242932.1618,244189.6784,245022.5154,245155.9531,244438.8763,243099.3548,241378.3217,239380.7534,237306.5847,235050.4957,233095.1644,231272.3673,229614.6492,227784.6315,225531.1124,223288.5537,221032.559,219263.5862,217443.6781,215652.6227,213916.3746,212257.0964,210677.3516,209255.2847,208239.1253,207501.3563,206777.9593,206097.899,205514.4139,205213.2095,204885.4013,204078.8365,202646.7365,200731.2248,199073.6688,197563.7191,195944.0389,194004.8357,192190.142,190528.2541,189370.439,188284.2978,187449.0135,186458.1485,185626.1225,185118.5218,184411.9223,183696.7534,182940.8186,182780.6443,182762.4226
19,116374.4189,116621.8462,116853.5073,117098.9067,117227.9676,117272.0418,117268.8715,117353.5111,117461.8136,117585.924,117700.5856,117876.0968,118102.9682,118210.3249,118152.3331,117974.7499,117844.6218,117725.8788,117613.9402,117521.622,117478.67,117393.5829,117300.3951,117193.7093,117042.5564,116840.6492,116663.7055,116560.0917,116498.9457,116400.5894,116321.4587,116222.6445,116123.4398,116013.4713,115929.2135,115867.1961,115869.6474,115940.5195,116152.911,116366.5165,116522.1629,116505.859,116372.1136,116150.9555,115865.0355,115510.5624,115156.0431,114795.764,114515.7878,114234.8676,113948.5508,113647.2961,113355.6199,113117.7778,112951.8438,112849.8027,112812.4729,112791.2394,112823.9055,112886.7206,112904.4024
32,324228.8168,323319.1789,322195.3038,320561.7064,318542.3732,315773.1775,312484.9957,308953.6493,305010.038,301186.1962,295794.0925,289943.7021,282624.9015,274650.2256,266451.7523,259402.4701,253615.772,247382.6997,240692.4471,233680.9634,226608.8115,219895.3987,212638.9526,206271.8271,199845.212,194759.4328,189773.5876,184825.3255,179074.6786,173065.9589,167171.2111,162455.7292,158790.3999,156348.8837,154511.7973,152729.7936,151686.4651,150801.0243,150030.0225,148820.547,147600.9142,146950.4444,146332.9747,145591.9057,144433.8417,143323.7812,142638.2881,141958.3955,140753.0722,139047.9299,137138.2622,135205.7782,133789.1757,132231.4152,131091.0984,129534.7669,128564.0831,127812.6214,127300.7333,126802.2681,126587.4358
5,122253.8339,122476.7219,122647.9123,122843.6843,122942.1509,123034.1226,123098.9427,123263.9065,123380.6105,123481.3394,123476.3447,123472.0951,123429.5791,123441.941,123474.7119,123529.6398,123481.5496,123317.4261,123113.5369,122830.867,122554.5425,122223.7652,121917.9721,121567.0539,121186.145,120738.3728,120263.0997,119785.1198,119401.4588,119124.8316,118856.0273,118521.8885,118127.9092,117754.5708,117548.2377,117473.2813,117561.6301,117663.8575,117796.5858,117892.9577,117991.3687,117997.87,117822.8297,117580.8158,117172.2785,116742.9573,116203.9096,115690.0373,115238.8185,114906.1877,114693.1768,114484.6414,114196.4175,113942.6249,113779.3511,113728.0816,113725.4105,113767.9372,113782.9908,113752.1428,113731.0456
28,116609.6065,116945.7782,117166.9415,117369.0725,117744.2936,118068.9096,118236.2338,118378.8711,118564.1664,118803.5953,118929.7632,118857.0963,118822.7694,118700.0748,118618.7974,118308.7804,117765.4187,117159.4583,116519.7508,116014.845,115524.8957,115144.5011,114889.8669,114716.9464,114447.6171,114145.9708,113893.4694,113722.0879,113520.4424,113246.0566,112995.4077,112676.1,112321.8364,111912.5199,111572.0393,111305.4775,111153.4206,111084.4088,111005.4167,110877.7039,110693.0453,110498.8458,110205.8098,109831.0131,109362.1447,108866.1038,108459.2216,108272.0353,108230.7446,108183.4355,108076.8065,107903.8404,107782.8006,107621.0597,107619.2443,107565.489,107491.2874,107247.7926,107057.2262,106932.5349,106851.8842
20,112585.8653,112817.198,113075.1526,113427.2029,113852.8641,114224.5406,114529.3727,114856.5039,115106.5574,115315.7639,115337.998,115299.152,115215.1518,115158.8886,115209.3179,115300.609,115490.5138,115664.7994,115736.8098,115806.2635,115763.4172,115728.3366,115463.1365,115180.6412,114785.1463,114562.9962,114471.5148,114628.4229,114818.7138,115034.2636,115172.3853,115254.1611,115204.9307,115169.289,115105.2236,115039.5199,114939.1152,114787.1924,114824.5437,114931.19,115151.8687,115287.0246,115215.3249,114878.1823,114308.6239,113799.9962,113313.7751,112884.9495,112463.3883,112131.455,111783.6664,111401.9583,111147.2503,110982.9709,110847.4124,110635.1058,110310.6652,109920.6327,109574.2,109305.1226,109177.8156
35,183305.3235,183998.6884,184487.7478,185240.6788,185993.1419,187104.7406,187977.5791,188729.8414,188971.7512,189045.3714,189035.5911,189118.5952,189087.5021,188942.2241,188629.4499,188160.5517,187573.3875,186799.5689,185892.1565,184890.1055,183958.2664,182883.4215,181820.8817,180933.6511,180311.3458,179665.0527,178502.9577,177423.8134,176404.8624,176245.6048,175872.6311,175606.2851,174855.46,174644.2908,174306.8752,173984.2584,173772.6786,173769.0012,174023.0889,173737.4182,173314.9736,172359.5276,171312.8964,170230.8632,169201.5894,167735.1746,166108.7498,164620.8406,164072.6307,163890.5729,163893.5027,163345.5762,162440.5369,161307.5414,160522.6986,159978.6617,159614.6977,159238.7992,158844.0839,158460.3609,158156.3964
31,129200.1793,129304.7077,129469.0775,129585.7594,129656.0624,129406.1208,129271.6386,129186.8552,129225.7919,128938.0914,128616.381,128283.2933,127934.6011,127437.3448,127022.1532,126771.9655,126624.8513,126478.1049,126311.0773,126092.8928,125735.5238,125261.5348,124714.0372,124147.3538,123646.037,123351.0587,123527.0509,123788.9083,124166.7522,124345.4311,124475.7283,124547.4688,124738.8629,125069.5202,125370.2816,125757.7275,126208.6219,126634.212,126790.7689,127159.5202,127435.8556,127538.9509,126976.5597,126160.4342,125260.4365,124461.9895,123723.3503,123209.5579,122961.3964,122890.7275,122817.9911,122451.7215,122179.4566,121986.5796,121993.365,122048.6154,122015.6149,122062.8833,122089.5755,122041.2683,121768.5566
16,194116.1009,194456.1277,194462.6478,194691.0543,195248.7057,195719.0139,196161.0107,196542.4013,196841.7186,197033.4422,197203.5831,197566.7248,197954.3003,198680.6647,198913.9172,198778.7987,197603.8908,196258.2071,194876.6805,193509.4996,192039.779,190428.2081,188732.3556,186939.447,184987.3656,182863.0861,180674.0784,178455.3477,176343.2753,174484.5202,172711.803,170945.4294,169055.2545,167371.2967,165953.7535,165104.64,164078.028,163312.2865,162335.9181,161697.2914,161095.9372,159883.8762,158236.9867,156441.7123,154564.8964,152697.9185,150722.6707,148914.7884,147261.657,145719.8466,144565.4696,143210.3032,141992.4527,141074.6809,140787.0022,140602.0561,140367.4739,140215.2791,140117.2254,140078.768,139988.5443
54,99369.8576,99508.07888,99733.30695,99999.88987,100229.8308,100420.3722,100564.7167,100715.7969,100813.9004,100905.7604,100943.6681,101027.646,101154.8218,101350.211,101513.6758,101657.738,101787.9771,101974.6218,102200.8564,102380.3653,101871.8549,,100141.0688,99777.55354,99848.1022,99998.27493,100173.3025,100092.3815,99903.66451,99683.33503,99429.22042,99228.57375,98591.36155,97836.05802,96971.14649,96528.78176,96344.51668,96355.7203,96572.38017,96852.14346,97115.1787,97365.85814,97551.90305,97771.43447,97645.00948,97330.37092,96875.39399,96603.41257,96402.83682,96239.44064,96003.66697,95809.45277,95645.38525,95645.39899,95648.19384,95698.02043,95712.86607,95737.30327,95769.74024,95791.85248,95778.71384
15,468350.5107,468387.1228,468837.0347,469282.172,469474.0775,469445.1861,468609.9352,467990.3573,467018.1921,466650.3319,466224.9991,465950.1875,465328.2436,464405.6077,464232.2683,464397.7681,465726.1776,466176.3375,463398.6757,458290.3744,452291.1934,448464.2117,445197.655,442197.1842,439559.9232,436117.5171,432819.1521,429282.1939,425611.2449,421155.2249,416799.8854,413450.0535,409515.6599,405106.2282,401116.0658,400007.85,400945.9474,403959.4264,405972.1757,408279.7008,409100.0911,411118.5501,412455.0701,413704.166,414238.2764,414614.0638,415918.6454,416709.636,417490.4928,417367.0411,417325.8578,415823.6338,413995.046,411662.7308,409823.5254,407836.7321,406001.3139,404921.8043,403545.4269,403423.9152,403664.0473
33,250282.0767,249310.2426,248784.951,248189.5537,247751.4259,247051.5994,246430.1157,245911.2721,245382.458,244772.6136,243837.9792,242673.3067,241348.17,240256.7341,239060.8233,238089.0595,236319.5835,234328.9176,232198.3265,230297.4502,228513.2596,226541.2926,225003.589,223414.1366,222410.9831,221395.7722,220517.6142,218985.5884,217353.8795,216017.6053,214976.4632,214052.1393,213034.976,212137.6478,211572.0334,211303.1718,211286.8278,211117.9989,210736.1236,210186.2528,209768.4073,209449.4871,209368.0275,209388.6465,209579.1851,209356.4206,208639.8726,207702.5383,206890.9796,206653.3831,206307.1586,205892.1618,205016.52,204146.2588,203019.8448,202112.9653,201280.8683,200803.1639,200180.67,199526.5145,198759.8248
23,198869.377,198882.5405,198699.3086,198400.0222,198018.2753,197373.4129,196360.4829,196058.0319,196184.8632,196750.3211,196745.5772,196843.1539,196930.2585,197036.2917,196980.4304,196395.3772,195399.5204,193892.4526,192527.0428,191196.6171,190196.9386,189317.3395,188641.0139,187690.4584,186562.366,185524.4001,184457.2656,183517.0921,181834.4668,180302.2125,178735.1369,177933.9744,177274.923,176663.8526,175991.3517,175581.1871,175306.2791,175254.8132,175630.556,176523.2424,177393.311,177366.3647,176580.2964,175578.983,174811.8679,174041.4896,173198.7398,172204.5549,171904.0648,172118.9655,172616.9468,172620.1563,172370.1868,172167.0942,172100.9053,171948.5888,171620.641,171170.6993,170692.5778,170177.5031,169601.5585
44,284061.0364,282970.5404,282108.2019,281275.23,280524.4126,278934.3939,277658.3936,276223.7063,275178.433,274019.6313,273272.4636,272561.5281,271537.2915,269824.0418,267997.5649,266038.8097,263739.7024,261274.8286,258418.4447,255366.8022,252163.0393,248913.2716,245750.9013,242406.0275,239074.748,235983.9057,232971.6391,230648.4189,228615.9452,226975.9662,225370.8918,224085.9881,223246.23,222776.6664,222803.5867,222919.5224,223789.0385,224763.6963,225847.7614,226018.0375,225710.2367,225413.4559,225286.3899,225077.387,224187.7206,222872.0738,221480.0426,220547.0757,219770.1698,219264.8213,218452.4126,217376.0669,215787.0339,214404.7265,212920.3595,211627.1682,210251.752,208869.5232,207155.9023,205546.6304,204445.9755
30,182661.0731,183300.4538,183776.987,184476.7661,185123.5112,185742.4923,186143.644,186678.6995,187218.6499,187813.9891,188474.1193,189214.2717,189898.9033,190345.4891,190131.7834,189757.7925,189550.5017,189792.3623,190060.0118,189977.6648,189804.545,189583.2269,189563.5159,189499.3347,189383.1009,189011.8435,188669.6838,188266.6731,187873.7759,187258.2871,186520.3153,185654.8955,184767.6469,184151.8405,183613.9894,183125.4696,182404.6255,181729.8237,181364.8465,181215.2655,181370.7107,181344.308,181200.7692,180880.6213,180587.5843,180227.9961,179639.5932,178842.9375,177861.5474,176741.9052,175745.7544,175149.1633,174825.9682,174632.8656,174326.427,174234.8692,174237.3263,174379.6442,174475.8721,174550.6644,174662.502
10,267689.3929,267386.0858,267302.3878,267826.449,268583.9999,269547.0622,270079.2726,270298.1326,270080.2379,269981.8482,269488.4132,268447.2888,266744.6607,265157.916,264384.6611,264023.5575,263418.2444,261908.7057,259996.9558,257838.867,255935.673,253850.7775,252102.1721,250383.58,248981.4858,247654.11,246216.2337,244844.2257,243222.3191,241754.1194,240487.6216,239658.1876,238960.0357,238360.9492,237709.6594,236949.443,236423.7344,236208.8078,236196.587,236008.3447,235815.5838,235609.8705,235246.1752,234339.2911,233174.7493,231530.8765,229810.0408,228222.3253,226838.4425,225664.2461,224341.9784,222947.4734,221311.6118,219800.9805,218633.9771,217629.4456,216387.3899,214874.7462,213574.1136,212232.0427,211191.5196
46,137641.9008,138119.0226,138360.535,138436.0171,138568.8186,138944.5684,139285.2561,139716.7367,140064.8225,140472.2749,140932.703,141485.9307,142126.6341,142656.1104,142986.742,143065.8729,143060.1889,143130.0482,143227.353,143403.3116,143572.7409,143791.8958,144039.9839,144246.6292,144510.7073,144552.4003,144475.3383,144154.1383,143796.0415,143424.2297,142994.665,142586.1443,142170.8701,141839.8617,141556.0992,141457.913,141536.8736,141609.6992,141727.6378,141855.6583,142098.7974,142274.9596,142373.8538,142433.2523,142391.0166,142352.3253,142303.8255,142276.9036,142224.168,142050.214,141885.5871,141626.1575,141440.4449,141410.6223,141458.6189,141556.0129,141534.9549,141565.9514,141653.3785,141804.4215,141960.6757
38,,,,,,,,,,,,,,,,,,,,,,,,,160292.5929,160302.3819,160259.8484,160048.5997,159701.366,159299.4328,159022.4053,159204.0684,159630.1413,160019.6964,159958.1127,159776.5919,159691.6028,159585.3158,159307.1429,158970.7122,158897.0864,159105.1841,159658.8311,160313.101,161108.2593,161660.5872,162022.8691,162180.1756,162217.6343,162230.3055,162387.4816,162699.0072,162762.8483,162414.1112,161969.0167,161827.0596,161889.9512,162094.4369,162265.8068,162392.7053,162570.2149
2,237137.3975,237968.0598,238320.8919,238797.1638,239585.1375,240402.2677,241243.3676,242043.0412,243006.579,243990.4384,244826.6953,245555.061,246134.4015,246196.3856,246227.4403,245991.6837,246027.4061,245936.0822,245912.2451,246102.2794,246195.9027,246421.8788,246488.3694,246455.7717,246261.7212,246438.5295,246772.9697,246987.2621,246653.4868,246226.8801,245764.3201,245355.2296,244960.9138,244572.7706,244547.104,244848.462,245575.0058,245843.7086,246060.1722,246203.1099,246709.3863,246973.795,247150.2744,247330.5502,247347.1898,247109.9007,246519.6452,246130.551,245773.9511,245355.8845,244642.9632,243749.3779,243096.4175,242870.5111,242893.0731,242979.1477,242888.5529,242813.2017,242746.2876,242874.9597,243506.6638
11,386741.7184,387652.117,388871.2656,389888.6335,390362.9033,390462.9943,390470.2641,390382.5979,390391.1936,390855.7997,391139.3439,390901.2238,390291.9356,389441.4027,388343.4456,386763.0672,385132.7327,383550.6952,381169.3354,378000.5502,375182.7776,373608.4442,372302.9012,370558.5044,369904.0696,370010.2607,369894.3374,368018.192,365161.9065,363040.4523,360725.9314,358735.2872,356394.4605,353946.7676,352966.6204,353981.0145,355787.8305,356406.0487,356091.335,357126.6853,360299.397,363776.4459,365731.4531,366486.6307,365619.6863,364422.9573,362299.226,361561.2396,360542.6744,360191.9752,359496.9925,359376.5346,359211.3886,359095.8983,359327.8411,358980.1755,358774.7484,358090.8505,357713.6863,356894.3971,356971.1768
50,212606.9694,213601.7973,214209.871,214547.019,214797.997,215168.3377,215381.3577,215373.4742,215516.5729,215929.3057,216548.3626,217163.0125,218221.3761,218620.5242,218750.8329,218114.1813,217565.7171,216960.7047,216226.4929,215797.652,215359.8104,214905.0341,214417.0525,213981.7905,213773.4122,213678.6405,213539.3196,213274.9816,213068.8283,212732.2592,212105.5245,211139.8549,210208.5312,209532.1055,209009.4041,208634.0143,208336.4808,208217.3779,208347.546,208524.8385,208646.1828,208663.4564,208892.4546,209192.0246,209350.3994,209504.2456,209658.4073,209902.5811,209856.6857,209779.3832,209615.889,209627.2068,209395.4341,209188.0452,208951.7724,208726.0206,208474.614,208297.9981,208479.2194,208691.2104,208824.9027
56,192278.8007,193119.0613,194022.1068,195075.2344,196331.3272,197729.382,198777.241,199531.7222,200040.1498,200615.4405,201123.914,201518.1258,201773.9818,202004.2874,202204.569,202237.4496,202102.4906,201791.8746,201546.5379,201326.6923,201073.0365,200721.8688,200455.7331,200319.5127,200305.1718,200198.62,199815.2022,199225.4,198802.7316,198531.3125,198284.0031,197741.8493,197090.078,196417.7065,195704.6802,195183.2773,194848.2876,194787.7169,194792.8313,194889.7644,195231.0397,195586.4445,195684.1663,195453.0667,195088.8161,194836.7445,194492.5752,194186.6159,193985.0004,193948.6951,193976.7559,193919.3751,193661.585,193087.1791,192609.4731,192400.9417,192517.1293,192501.1184,192585.2607,192753.3529,193350.1395
