state_id,201801,201802,201803,201804,201805,201806,201807,201808,201809,201810,201811,201812,201901,201902,201903,201904,201905,201906,201907,201908,201909,201910,201911,201912,202001,202002,202003,202004,202005,202006,202007,202008,202009,202010,202011,202012,202101,202102,202103,202104,202105,202106,202107,202108,202109,202110,202111,202112,202201,202202,202203,202204,202205,202206,202207,202208,202209,202210,202211,202212,202301,202302,202303,202304,202305,202306,202307,202308,202309,202310,202311,202312,202401,202402,202403,202404,202405,202406,202407,202408,202409,202410,202411,202412,202501
AK,64.23196777,63.84146341,71.49022596,69.87587528,67.18074375,67.78084299,65.21151589,65.78734702,65.23206751,64.27592508,66.76395475,70.52988346,58.02994604,60.24390244,63.19708895,62.91374924,61.4802537,55.47571692,48.10223269,43.28099745,43.33333333,48.46962083,48.63188616,51.14491197,38.20779813,33.59756098,29.55064738,26.87778488,22.78754686,13.08141398,1.09283198,-3.913645815,-5.780590717,-7.263590681,-8.573513323,-9.498222692,-20.04256289,-25.73170732,-30.63383261,-31.99395288,-33.81377918,-33.08526337,-29.46533489,-25.24821058,-25.8649789,-29.10004568,-36.10361183,-39.41473092,-48.92452687,-55.06097561,-54.68392993,-49.20432844,-42.23839722,-34.7918137,-25.4347826,-28.60193951,-32.70042194,-32.20648698,-30.17876688,-32.12366702,-38.70943224,-43.29268293,-44.13979859,-44.02450667,-45.76967425,-45.03111568,-37.36192713,-33.53151697,-28.94514768,-28.78026496,-24.30499818,-23.90675373,-29.5280079,-33.59756098,-34.78040111,-34.44462124,-29.62669356,-23.42978124,-22.14453583,-17.77303164,-15.2742616,-15.39515761,-16.23495075,-16.73142101,-23.26518203
AL,49.13842951,57.20650983,59.48122095,59.72471988,59.60996534,57.90379976,54.40574629,51.81654663,50.06873319,47.16124148,45.14821473,45.07813466,36.92610154,42.81333726,42.46793757,41.4718495,39.86348784,39.32097346,35.27473856,32.23308774,30.38372249,27.56119102,24.58347405,24.19365589,15.97746535,19.99404581,18.08850936,17.54737861,11.29150209,0.293689951,-9.847156084,-15.76044775,-20.94132643,-23.81402978,-25.33938305,-26.07441126,-34.31908672,-40.12801431,-43.88197426,-47.06736755,-50.69182391,-50.39892091,-44.8611227,-40.89809259,-41.7351723,-43.24375473,-45.73157929,-47.17220101,-54.09142725,-54.81294037,-54.11505614,-51.91589431,-44.22797525,-35.53265987,-27.48406135,-25.00890239,-24.39528428,-21.56825637,-18.03500189,-17.28199904,-23.14427795,-22.94929049,-23.79248835,-24.00746991,-23.52591295,-22.46106457,-20.36433826,-18.29786067,-13.30693251,-8.030532425,-3.784109497,-1.850282361,-7.687224306,-2.12364794,1.751851023,4.246783788,7.680756636,10.87418205,12.87619368,15.91566916,19.92625971,21.9341408,23.15838482,23.10710305,17.20001983
AR,48.77467392,54.39939772,56.55651782,59.06377226,60.93186532,62.21976067,60.5374078,59.10602417,57.91624859,57.62157744,56.58654413,56.98767335,49.8888502,56.03645742,55.28085539,52.54171829,51.11377054,48.39384058,42.34984194,39.27882189,36.65968246,33.19370658,31.51290209,29.0523883,20.50245065,22.77947749,21.48144565,19.33443831,9.652146161,-1.547654339,-10.86406744,-19.75594549,-25.01327982,-28.28974254,-31.8310357,-32.68567026,-40.77724509,-46.16764644,-48.77030013,-51.05643436,-52.7748524,-50.13495172,-45.6691254,-42.22261809,-41.41533377,-42.8279526,-46.19270649,-47.77503852,-54.05094143,-55.41815502,-55.4647056,-54.32309351,-47.60331897,-41.59477043,-31.19072708,-28.00688816,-27.27527593,-24.12137311,-18.58283256,-18.54545454,-24.90023301,-24.53827548,-24.57787024,-24.30362229,-23.45460348,-22.02443172,-20.84299262,-18.12446186,-13.49672431,-8.6636698,-7.231648399,-2.927580889,-8.61611806,-7.091255662,-4.505942876,-1.256778725,2.134992818,4.688206933,5.679662803,9.725067547,12.62468276,13.08745403,15.73877696,15.89368259,9.17856282
AZ,37.33257166,47.77041499,47.40389123,41.39465516,35.40229337,38.07476694,34.16548654,33.21964531,31.42585491,32.746623,34.94961445,42.23715768,41.93487684,57.69850361,55.87787154,47.73812323,39.95877996,37.07359973,26.56928989,19.96097594,17.04903838,10.89848547,8.026343322,7.375961407,-0.211700662,1.437397215,0.468823254,13.86468458,5.060994542,-15.91346235,-29.43637468,-35.08915256,-37.33071549,-40.07879656,-43.85094243,-48.22158927,-56.56305655,-61.20605186,-62.37107361,-61.298036,-60.53458744,-54.09590821,-47.70463282,-44.99428915,-44.00238081,-45.60478919,-48.01162799,-49.91113766,-57.0953325,-60.32252172,-60.35513361,-56.39007546,-37.97496558,-11.55205578,16.80922516,28.71125355,28.37409558,28.86307818,25.078085,17.55671282,6.374542155,6.471193902,-0.931786217,-12.34893127,-18.70737743,-18.65804141,-21.29637872,-19.24870712,-16.55277968,-10.13610315,-3.551875115,2.193230965,-2.770926442,8.151063697,19.90740741,27.03957981,36.79486262,25.07110092,20.89338457,17.44027414,21.036887,23.31150225,27.36040281,28.76966422,30.9990255
CA,18.58866865,26.69366727,30.07962176,33.9070274,32.42443171,34.55312922,35.4499433,39.85061277,44.52158064,45.78375842,51.24781201,57.99396682,59.01636549,62.69990731,61.42310668,57.16085499,53.09017336,47.65901268,42.50978352,39.03561863,34.10386694,29.72316252,24.39939051,20.91503268,17.85196596,18.79334966,18.01077254,17.16384446,11.86703962,-0.238525511,-13.68365748,-19.92810162,-20.86308099,-19.90984348,-21.50684414,-22.81087649,-29.52438338,-32.11544741,-33.85065538,-34.46862121,-37.88088183,-36.40821194,-32.6960753,-31.58813263,-32.55670792,-34.4186748,-40.70216973,-44.25171778,-48.38988398,-45.24955229,-40.78439812,-37.02462044,-21.78323457,-10.89639764,1.731816426,2.041009788,-2.126682359,-2.052820324,-1.192026299,-1.904223228,-8.762555494,-14.68718978,-21.712109,-28.48967564,-31.72237087,-31.58874659,-31.52401808,-29.19929803,-26.46161319,-23.07370044,-18.69312816,-15.54801408,-17.74850926,-16.13473482,-13.16633853,-8.248809549,-5.995157441,-3.080260186,-1.787792332,-0.211708884,3.382636906,3.948118108,6.44696578,5.605832076,8.968332016
CO,11.48512391,20.57881249,20.94099497,21.2270752,17.18500092,16.45335076,15.27569626,17.24697894,20.0856176,21.39725158,26.50602413,28.24284208,33.36773996,44.10152358,42.60112065,39.16181778,35.70753794,32.33776836,30.10923464,26.38177719,24.1153708,24.36111862,21.73812171,26.01742793,16.16442546,18.87607387,21.95730585,20.54945864,18.92005653,9.59676762,-4.182231645,-11.41703487,-18.19189789,-24.59542539,-30.15196962,-32.50694246,-34.6350508,-34.09155631,-37.94945669,-43.14649775,-46.85491941,-45.27303893,-42.09596241,-40.88495188,-40.98775946,-42.94292259,-48.35352412,-42.91678637,-54.90437824,-50.89467938,-49.09711668,-45.62863666,-32.45723156,-23.62337768,-10.5968758,-7.684261366,-7.773135448,-5.752192409,-2.530617632,-5.748348185,-6.536303772,-6.199867092,-10.15176608,-10.22317154,-13.2734092,-14.01273365,-12.40800803,-9.568569526,-6.524117553,-5.593978866,-0.9819194,-1.679593996,-1.421184926,7.629692927,11.69891789,18.05995433,20.77296497,24.52126358,23.89814714,25.92606136,29.27592211,33.1261489,33.77388512,28.59140093,36.47962841
CT,89.3770931,81.50659891,87.10129501,92.48002454,94.79557449,96.25310735,96.60877608,97.49933178,99.11965558,98.45980126,103.8103648,112.8609773,91.49363697,83.36197127,84.23274791,83.9531833,85.91594074,85.81242938,82.34508273,82.54135607,80.38301662,79.76362541,77.95057972,77.6950753,57.24045546,48.22505758,46.49458932,34.33054501,20.37578686,7.834274955,0.113040797,-4.649401559,-6.015439431,-5.58115026,-7.092511738,-6.175401186,-23.00066979,-37.58271487,-39.99645201,-38.5828918,-37.38634196,-32.68399247,-26.24601788,-23.37025927,-25.8432304,-28.55615779,-34.9899426,-37.77007862,-49.67180174,-57.32643586,-57.6051091,-54.43208341,-47.5678769,-43.67306968,-39.14294523,-40.66704285,-42.6054038,-41.7931346,-40.90827324,-42.63387333,-51.68117883,-57.47998391,-59.44296612,-58.67761555,-58.50607236,-58.53258004,-59.71637036,-59.01369131,-56.54097387,-54.6823246,-51.54295246,-52.97443414,-57.57535164,-60.70449311,-60.78410502,-59.07116207,-57.62701087,-55.01016949,-53.96156613,-52.34029283,-48.4976247,-47.61065944,-47.22726455,-51.00226533,-56.18218352
DC,-24.71958216,-22.48798719,-19.60725972,-15.10909089,-16.16981291,-15.76926156,-14.14665801,-17.64019663,-16.66050433,-12.49402936,-9.435557735,-13.11829743,-12.45825841,-6.8659904,-7.874640457,-9.190909066,-10.07089773,-9.384750802,-11.08046722,-7.724356281,-13.76173927,-17.50938248,-18.46240574,-22.31274418,-18.48617176,-15.23758677,-18.4964792,-19.75454543,-20.71410265,-21.87374992,-18.68916287,-13.55720354,-9.051246032,-6.14124874,-4.354872793,-0.083132405,1.104546622,8.008542434,4.066250155,0.609090937,-1.400871248,3.328266237,2.717391313,-0.316640255,4.510833387,4.319344912,1.367063646,-2.992767454,-6.087849987,1.505605969,2.60835072,-1.363636337,6.850602231,9.096727712,6.975989626,6.391134099,2.906159868,4.844762858,4.228031866,4.572283674,5.96797671,11.37213026,8.856491156,8.754545484,3.741351355,-0.872069789,0.843608055,0.441629889,0.473267759,-1.555783029,-2.431118301,-1.130601023,8.639438308,23.70528562,30.44728755,36.05454549,37.76373114,35.47483795,33.37929917,32.4056329,31.58322856,28.5363357,29.08885915,35.06525899,46.03990068
DE,76.9304447,75.79611252,74.47996723,79.14441198,78.12622692,78.02013423,78.70691318,80.22949217,80.51948052,80.19096552,82.10306407,85.13202294,65.65564424,64.97622004,66.44635723,67.01098459,64.96859049,62.55033557,57.34161373,55.41503905,52.63157895,49.11302833,45.64763231,44.79138773,31.83124287,29.91108356,29.61368994,23.38002621,17.66293678,6.308724832,-5.204120918,-12.46582032,-19.65140123,-25.2568825,-28.30779944,-29.29141449,-42.05701254,-48.03556658,-51.18864637,-51.64264839,-53.41578328,-46.84563758,-41.66666666,-40.73242188,-39.33697881,-39.20124078,-43.41922006,-45.22521557,-53.91562144,-53.82547559,-52.12111896,-52.48916658,-43.69356105,-40.80536913,-33.07336799,-30.92285157,-31.27136022,-26.7157813,-23.88579387,-25.87970649,-34.97833523,-38.77171215,-39.46101034,-40.35573919,-40.18943856,-38.72483221,-36.37589061,-35.43457032,-31.20300752,-29.19251647,-25.69637883,-23.36778961,-30.08893957,-30.05066169,-27.76923864,-25.04786858,-23.45897134,-20.5033557,-19.72848064,-16.0888672,-11.68831169,-8.937572689,-6.441504178,-6.159284442,-13.37742303
FL,19.19567713,30.11133655,33.02700261,32.95337525,32.45895519,31.23162228,29.39699803,28.79994607,29.16709316,30.94106718,32.18005413,34.6825619,34.49550634,47.76347569,47.01663991,44.18518709,40.2921616,36.24111905,30.23460025,28.41459439,26.16893988,23.51963696,20.33838542,19.61861778,15.72752471,23.01563551,24.06779009,25.93349284,21.91365455,12.28091479,2.859096406,-3.126440755,-8.847732438,-12.1698848,-16.7549451,-20.73876496,-30.53481535,-36.9336605,-45.88904804,-50.83563106,-53.84664647,-53.27628289,-50.12117388,-48.71643483,-49.22534742,-51.09836092,-55.41022469,-58.63829344,-64.19766498,-66.12000306,-65.72716699,-63.08772395,-53.7004682,-43.10880191,-28.93408366,-22.86030037,-21.817755,-20.83432242,-18.36607508,-18.28273674,-21.41154072,-17.761082,-19.26999721,-20.20491437,-21.14949028,-20.211455,-19.81985214,-18.22548302,-13.3210765,-6.235557109,-0.383168694,3.618826479,5.866002184,19.92429762,26.77477962,31.05621448,34.03183341,36.84288388,36.3844147,35.71411862,37.87587811,35.87742139,38.39597391,39.73978879,40.85931069
GA,32.83387778,39.93289077,41.73301839,40.62571215,39.52733698,39.54394188,39.1899155,38.8704898,38.97666396,44.67280733,46.26617561,50.13834086,46.50767154,53.96481849,58.93859722,63.61298304,62.2683124,57.79857654,53.34581855,51.04293766,48.22771437,38.86958327,31.10381549,30.73674763,25.73500635,29.68348269,27.79410846,29.7457434,21.83569332,7.022873255,-6.899071174,-15.0659462,-21.56253353,-24.3784297,-28.11658931,-30.80580813,-36.95678219,-42.9131018,-46.85432773,-49.80304066,-50.63613807,-47.43022187,-43.33229757,-41.90343385,-41.63921976,-43.96965784,-44.40176317,-45.41319716,-52.26951431,-53.5997366,-53.66718465,-53.03577823,-43.89420448,-35.487161,-23.95317198,-19.39166812,-18.43936504,-15.07045755,-12.18138337,-12.8267726,-19.18404511,-19.44521109,-23.49596116,-30.02571866,-31.48284575,-29.3940766,-28.27989318,-26.31747138,-21.87167231,-17.60562521,-12.9133996,-10.84381338,-12.96055206,-7.623142522,-4.448250471,-1.119901032,2.381845537,7.94606786,9.928699791,12.76509209,16.30841239,17.48177961,20.24314439,19.01450268,16.294338
HI,16.32015219,22.02350373,22.31115721,25.92617473,25.20729685,26.58830582,27.64531763,28.35835446,28.72170135,28.38901071,30.01640069,31.06110743,33.34420438,40.76868739,41.07067632,43.98280322,42.54915897,38.66209378,36.77585141,35.1368038,34.23279213,32.09080357,30.3475683,27.35495257,20.9512162,24.90046237,27.1881785,30.44033185,31.15375503,28.17328184,19.58494616,18.39539872,15.5728333,12.76925062,7.099602609,6.971100816,-1.508357114,-16.07372206,-23.44210764,-25.91609847,-33.85453684,-37.74307405,-40.75399278,-44.0664197,-41.55042305,-40.86160196,-43.61319624,-45.29009486,-48.4495176,-46.05702543,-47.3735377,-46.13576058,-41.48306089,-37.69645711,-30.71268256,-28.53057776,-28.92750972,-25.55784857,-23.32366113,-22.58989632,-21.98940073,-11.78076034,-11.21552869,-26.12769959,-27.24472874,-27.1843367,-26.68249683,-27.37050757,-26.64075006,-23.54894879,-20.27691919,-17.67041694,-18.3802147,-13.78114564,-8.538837931,-2.16975111,3.672115612,9.200186475,14.14305695,18.07694808,18.59135605,16.71933446,19.75020502,20.1632473,19.71191738
IA,29.75617031,32.60082407,30.15293555,30.11958534,30.8673126,32.32432783,34.32135572,37.57641855,39.12702955,36.88141923,36.7031474,38.14993067,35.29192454,37.81995255,38.16654558,40.00484571,43.19573408,43.48543957,42.06496156,41.85585697,41.44651625,40.07677145,36.10083779,36.63104658,35.82879726,39.83019104,41.96246611,39.26587404,30.00773785,19.10095991,8.718029189,1.975361743,-4.321173601,-8.507106546,-12.59113896,-15.25083612,-22.47557975,-24.68472968,-28.88231228,-31.20294897,-32.72944422,-32.20616087,-31.59265652,-28.95917176,-29.15022442,-29.85786907,-31.56917504,-32.30116649,-39.11863396,-42.11512049,-42.62701802,-41.50009519,-36.27371821,-32.3421338,-24.96940216,-26.37860588,-26.16652107,-24.2141301,-20.86497094,-20.70968268,-25.85191261,-26.38281933,-27.09599674,-27.91997647,-27.5484457,-25.97406802,-25.43072336,-23.48622162,-20.57866675,-18.94387385,-16.22613028,-14.81686923,-18.56237417,-17.06829816,-11.67662017,-8.767284499,-7.519176428,-4.388364599,-3.111564409,-2.58363798,-0.356959968,4.564788879,8.44742999,8.297577295,5.131608381
ID,39.70824897,45.7323707,42.79712653,36.0250813,31.00416234,28.03908203,23.08793031,21.94791265,23.29974554,24.89767501,29.65460526,32.38522016,27.14530447,35.7399532,33.9298313,26.42620644,19.367846,15.28289025,12.83907092,10.20499018,9.64885496,11.67981772,12.08881579,13.97751361,9.993251311,11.60122639,9.460586225,16.88886283,5.965140487,-14.11042945,-31.05972626,-44.10425562,-52.00814249,-56.4918351,-61.41447368,-62.80891942,-66.56803198,-65.13038605,-62.06144571,-60.29183393,-57.36992716,-51.47239264,-43.32642058,-34.34445637,-30.02137405,-30.97177096,-36.57894737,-41.45222315,-52.40616726,-53.26871724,-49.08601117,-40.21213631,-18.8189386,1.938195867,19.95230194,25.17757046,25.22340967,27.05388413,29.49013158,28.98542946,19.04687743,17.90129563,11.88506188,4.274956772,1.831425606,0.109066124,-0.58896724,1.422587363,3.364885494,5.905312463,5.690789474,7.835350307,1.354929139,7.424257417,13.07485086,16.88886283,18.02029137,20.21358782,19.09581086,19.69565129,20.49262086,17.92691675,21.06907895,21.077629,21.72558791
IL,52.43685601,50.92850347,56.60771113,61.63077767,63.57545871,64.65885239,63.75908879,64.51027289,64.43651926,62.78777238,63.53691212,67.10550445,58.32834423,55.46354699,60.36562997,66.23234124,68.23238796,67.00181688,64.61177179,63.45272743,61.62910128,61.30975477,59.30826922,59.74274453,51.7778448,48.49008069,47.55817065,39.33959676,30.87870649,21.00377486,11.2326439,7.065671556,5.235378031,4.879214242,3.028710635,2.120994309,-7.8536671,-20.42707636,-24.90408162,-26.02866548,-26.87114613,-23.30881444,-19.28227282,-17.46534882,-17.99429387,-19.60956483,-24.18234802,-27.18431685,-37.18506781,-44.58578526,-45.23778838,-45.00411466,-39.13242821,-34.63468628,-28.4361618,-28.61135925,-29.4807418,-28.85789548,-27.2223501,-27.7255942,-34.13849139,-42.0945065,-45.85890331,-48.75531477,-49.55975785,-49.27589917,-48.61046578,-47.9382186,-45.9828816,-43.88679013,-40.4949992,-39.41163351,-44.46300039,-47.77476303,-48.5307385,-47.41462077,-47.12322102,-45.44504418,-43.27460411,-41.01374521,-37.84308131,-36.62249085,-33.97419473,-34.64769884,-38.90281835
IN,47.69496438,54.87643398,56.23733091,58.94104118,60.39553552,62.03964974,59.88190927,58.51215866,56.27125721,53.69842595,51.47945993,53.39137317,47.09467863,55.08751231,54.18561339,46.34690694,44.76992362,42.83533053,40.71757582,41.33842921,40.28482006,37.61165771,32.9933927,31.67392165,24.26737385,25.49983614,23.56324993,25.03080759,10.28392401,-6.688897812,-18.45872474,-25.59818974,-28.26186749,-29.18156276,-30.76702097,-32.31499802,-39.09155386,-47.3497214,-48.16057632,-49.41260234,-49.55029046,-44.51610537,-39.34587249,-36.88313376,-36.52895147,-38.67712666,-42.01378914,-43.33201425,-48.84414156,-52.58079318,-50.89300387,-49.01005011,-36.5929117,-29.82642576,-19.83381506,-19.81550855,-19.7318727,-17.10591245,-13.80350474,-13.68421053,-22.43979154,-23.57128809,-25.59168353,-26.03581892,-25.033614,-22.82360411,-23.41379157,-21.49801867,-17.46061553,-12.17837039,-8.108302212,-5.081123862,-12.05402572,-11.96197967,-9.340930221,-5.860284238,-4.272567077,-1.019946951,0.452718535,3.944262781,5.427230069,5.832888538,10.21976444,9.34705184,3.372495811
KS,48.42683536,50.46305518,54.70837489,56.95995308,61.28301706,63.22123085,59.51093499,60.6539924,59.66280341,58.3856559,58.3758631,60.90453432,55.01914433,59.38558057,60.11714857,58.63610818,56.8275007,52.26721575,49.42752686,47.37642586,43.73701237,40.27432473,36.77574302,35.52861639,28.01731313,29.5857399,28.22283152,23.65919808,12.78964431,-1.237703038,-10.68981371,-16.80608365,-20.97088626,-22.3336564,-24.4821375,-25.29199208,-34.42650241,-42.21270663,-44.98753738,-47.88525912,-45.81624869,-41.40242507,-36.8484424,-34.90494297,-34.54229953,-36.359614,-41.00870609,-42.31262385,-50.57432995,-52.33768173,-52.66450648,-51.16915484,-45.24887957,-39.25646305,-31.31635982,-29.39923954,-29.69857966,-25.40137373,-21.40498349,-21.34281385,-26.28599967,-26.70284803,-28.46460618,-27.80560511,-28.52817775,-25.24365133,-24.34379037,-23.17870722,-18.67649264,-15.37229783,-12.12848994,-11.24140343,-18.07890794,-18.18113921,-16.93170488,-12.39524031,-11.30685611,-8.348204068,-5.740055612,-3.741444867,0.488442347,0.806961363,3.872710898,3.755682478,-2.097552855
KY,42.4656034,48.89368957,52.62095034,56.11753372,59.63333389,61.89811023,59.95282301,59.83707981,58.23898099,56.43273605,54.83659947,55.77831267,48.35786159,53.09952575,55.01320399,56.11753372,55.69451169,55.1546971,51.96317151,48.62858321,46.12818439,43.27502798,37.97320745,35.76216447,28.58922582,29.41216183,27.59894368,24.73506744,10.66103421,-4.535748122,-15.34165272,-22.53041864,-26.01091791,-27.31979971,-29.06226001,-28.2852442,-34.57183928,-41.13010751,-43.10544212,-45.49614644,-46.73824114,-44.4792319,-37.97899863,-33.35739328,-31.64173069,-33.03967884,-35.04508091,-37.4135462,-44.8887672,-48.49032084,-49.98015086,-49.28949904,-39.73718923,-32.59958577,-25.35534926,-23.48937925,-24.71694298,-22.35462685,-19.38621689,-19.48752323,-26.08392087,-26.5514506,-27.70077843,-29.84104046,-29.5570286,-27.87919657,-27.8587734,-26.54155496,-23.75657097,-18.93858793,-15.62331123,-13.03586118,-16.7526867,-15.23349816,-14.44672662,-12.34344894,-9.956420833,-7.559045009,-5.381220513,-2.54691689,1.758997169,1.944929111,6.307062218,6.681697698,2.884523239
LA,31.47924528,36.68629843,39.28362231,42.94642954,44.17958104,46.30957717,43.0685406,42.23022462,43.28754986,44.13597502,43.96997501,45.44599136,40.4754717,46.82964769,46.24625617,46.1450587,44.39243711,43.29896907,40.04189623,37.60172527,37.41640994,35.50607626,33.19849878,30.99270764,24,27.81864647,27.28468328,24.91569546,16.81237173,5.445988346,-3.313520349,-10.35664875,-15.03436337,-20.52667535,-23.10362801,-24.7471183,-28.90566038,-34.12268032,-38.44258039,-46.54598579,-48.99056265,-48.32660989,-45.91046996,-44.2586263,-45.03920618,-48.64087116,-50.14908256,-51.00404181,-55.14716981,-56.08178688,-56.39070324,-54.82705215,-49.70515089,-43.38114448,-35.50863726,-30.9214274,-27.15170374,-23.30186529,-19.87802334,-19.50770939,-23.25283019,-21.53683745,-20.45577624,-18.96549831,-15.64817931,-14.82892574,-10.7898376,-10.13590494,-6.162739169,-2.230710288,0.198081756,1.861594096,-1.841509434,0.406711823,2.474497949,6.331352486,8.959503058,11.48214553,12.41202812,15.84065756,12.68405273,15.05807095,15.76417851,16.95857663,13.19245283
MA,45.69920105,45.12378631,43.09664035,46.65352512,49.60316913,51.00993232,53.45817938,56.17920432,61.5106986,60.94518518,66.33047615,77.1370345,69.25976109,65.37565833,65.30250302,64.13897188,64.11981379,60.04922877,56.83050653,57.88821411,50.88823264,48.66603223,44.85265597,44.13698673,36.76587394,33.28615957,35.94063713,23.21742077,18.3417889,7.380607801,-0.559583993,-3.150328441,-4.693102743,-4.270760504,-7.414127499,-7.397029091,-18.95217181,-27.09326073,-26.68317494,-26.89962115,-31.95079573,-28.18781155,-26.14603538,-25.83591525,-25.54430619,-28.74881051,-34.55921916,-38.82564601,-47.5089162,-48.49879976,-48.49083121,-42.49853697,-36.16373617,-28.81986964,-20.19690441,-23.91002604,-26.63526215,-26.02010985,-23.35606581,-24.89452149,-28.67043561,-34.34129913,-35.93561772,-34.61822774,-37.31183541,-38.4132992,-40.65568913,-38.95278227,-37.76629405,-34.11793033,-29.10217105,-27.85906479,-32.60757838,-33.85224464,-33.2301566,-29.99353189,-26.63840432,-23.01878859,-22.73047327,-22.21836661,-17.75996627,-16.45360638,-16.75154851,-22.29775988,-23.98573409
MD,61.82232346,63.7514167,69.34311314,74.28967429,73.27552225,73.1281857,72.7646892,74.32203847,75.70306727,74.32118495,76.53916169,81.82277132,68.37357631,68.06762372,68.31624049,70.33090783,71.65248439,71.27784162,67.14011225,65.15523539,60.57680978,55.63813351,51.8741912,49.389759,36.2642369,32.59350208,30.95806834,22.38392238,14.0752162,0.293333642,-13.33107709,-21.18841057,-23.99374336,-26.43042604,-28.13918804,-28.36642226,-36.09111617,-43.96486589,-43.22212123,-42.33367983,-40.48320157,-35.17549827,-28.11851786,-23.92317348,-24.16622919,-28.03456358,-33.52817319,-36.63591273,-46.82460137,-49.57499056,-49.94677396,-48.43208593,-40.71854206,-34.30888142,-26.43725845,-24.30512361,-26.53603453,-25.2825111,-23.40271534,-24.14332777,-31.63553531,-36.71137136,-41.11385172,-42.94871795,-45.40100629,-46.00430519,-44.20511364,-42.84498283,-38.57254582,-35.01771278,-30.30399404,-28.07486971,-34.76993166,-34.1613147,-34.33467478,-33.29002079,-32.40047301,-29.210676,-27.81283433,-27.21558359,-23.01132406,-15.19410483,-13.03928236,-13.99199811,-17.13895216
ME,88.04559033,83.51001985,87.39825889,90.34530867,91.7875947,89.01583712,85.4571896,88.98426323,90.93034609,88.90755862,88.7256848,97.58120021,77.97627679,76.95096096,75.63167952,68.61527728,65.47129831,66.44796382,62.95219051,61.01573677,57.78371574,56.58064009,56.03414053,57.17937792,42.36246049,37.97961837,39.73741949,37.82699685,24.00796198,9.889705892,-1.363388475,-11.39127325,-14.28277793,-15.60818084,-18.20166733,-17.29212416,-30.65166323,-39.91519047,-43.39656027,-45.28426927,-45.16501862,-40.49208144,-36.01163425,-34.45994278,-36.60234835,-41.50279608,-46.48670107,-47.30097342,-57.65784055,-61.55529717,-61.60379362,-58.83501919,-50.918197,-44.114819,-37.55680785,-37.44635193,-39.6058683,-39.2055449,-39.14251687,-38.33043821,-47.95974595,-52.17153409,-54.29612853,-53.12173003,-51.300244,-51.59785067,-48.13670242,-44.13447783,-39.33609105,-35.97101525,-34.04128622,-32.68657206,-42.73947971,-44.79857738,-43.47087551,-39.54656436,-33.88339541,-29.14875565,-25.34084712,-22.56795422,-18.88697618,-13.2006616,-6.887653831,-19.15047033,-29.37559816
MI,47.59446773,48.37515457,50.20352782,53.54095309,52.29459637,55.39469294,55.48824691,58.71445167,59.93762451,58.76709886,59.56094378,63.07820181,56.8652842,57.2492545,59.6649619,60.21170424,57.0409303,58.67232751,58.39519425,55.37150971,56.04235981,56.84900042,51.98359116,51.2702882,42.60654784,42.03142048,39.58876944,33.51319828,29.05441101,12.13161485,-0.986777396,-10.90758507,-16.85740682,-20.48782069,-24.21045405,-24.62870729,-32.80216783,-40.66623027,-42.02588456,-42.44862408,-41.07337492,-34.5237301,-32.97106539,-29.91868519,-29.69832259,-31.84129883,-34.55121751,-36.7794022,-44.6580697,-48.38970107,-46.88445882,-45.37321366,-35.89172634,-29.40773314,-20.09631756,-18.90730542,-20.79005409,-19.68955882,-16.94148207,-17.89485893,-25.45937423,-30.30038548,-34.08829976,-34.4912602,-36.90277972,-37.69097802,-36.6450692,-34.78251516,-32.67023759,-29.22708577,-25.03146742,-23.8754905,-28.63437708,-28.29951269,-26.45861601,-24.95275778,-24.5220566,-24.57619409,-23.18421155,-19.56987049,-15.96396319,-14.37033514,-10.80991396,-11.17003113,-15.51231093
MN,28.93160035,35.2730038,36.81086144,32.97029576,32.84237246,34.94277538,36.64025801,37.03297768,36.76515349,35.15482697,36.64926479,40.99431822,36.17829328,36.29505703,41.96040556,52.10793913,53.73169086,53.47660522,51.64411414,48.96896216,46.16738324,46.16048319,43.78688162,42.80216946,40.80755463,43.85399239,43.43170388,37.27419634,30.5195259,17.85218378,5.398583748,-0.472356945,-6.317301499,-8.136324409,-13.62664935,-14.47055783,-21.42573038,-26.4973384,-29.92444686,-32.02963856,-36.04429126,-31.43882017,-27.19624202,-23.54995151,-21.53266621,-23.26239094,-27.03107887,-30.13558882,-36.99688218,-44.50038023,-44.99531345,-42.9089428,-34.54462892,-30.04712615,-23.33309963,-24.54122212,-24.60903316,-22.90000958,-20.41445597,-21.23192147,-25.9112896,-30.24486692,-33.70210471,-33.86891231,-32.86565912,-30.72456451,-29.60807684,-27.35208536,-22.32506376,-20.14859552,-15.26405884,-13.15082642,-15.34918334,-14.17946768,-13.58110605,-13.54493738,-13.63900984,-14.06105362,-13.5455374,-10.08632397,-8.148472307,-6.867989637,-4.099903224,-4.807592951,-6.234362771
MO,45.46893822,53.18668924,56.80058437,57.60423086,58.42156401,59.62715876,57.09388514,58.97012299,56.27943352,53.76591316,52.41828489,53.9912958,46.31560833,50.3498987,48.87509131,46.16040256,45.43778258,45.09392005,41.20106967,39.77240771,37.71527278,36.13839622,32.46894223,31.80884733,24.80468078,25.52067015,23.94448503,22.24481414,11.35795863,-2.062928782,-11.89224116,-19.10017576,-22.47086727,-23.61409324,-25.76287541,-26.41678286,-34.4759938,-42.3064068,-44.33893353,-44.83672211,-45.08089458,-42.23799384,-34.50652405,-32.15905098,-31.98154068,-34.38942334,-38.1678929,-41.0490222,-47.82309413,-50.28305236,-49.41563185,-46.67693571,-37.6972797,-31.10290986,-23.27476355,-22.04042181,-22.83180364,-20.42469021,-18.31504041,-17.00704625,-22.95302013,-24.69344696,-26.42804967,-27.88662969,-28.11384723,-27.34705464,-26.4470449,-24.56854131,-21.30985527,-17.7915096,-13.90061512,-10.77565095,-15.11271726,-11.77435189,-9.437545654,-6.609159982,-4.325283499,-1.970191616,-2.174381266,-0.874340966,4.599360636,6.315406827,11.25919672,9.448358998,3.775598004
MS,48.82115365,55.36955597,58.95289014,63.87478849,57.25245063,56.98898995,55.702747,53.53462829,53.66613156,51.76089597,49.11892993,46.54460132,39.9288895,43.75088665,43.82729748,44.64184997,46.5407018,47.9695229,45.55564227,42.79005685,39.26077791,35.86560518,34.50421635,36.38095621,25.52728779,28.92608881,26.51266014,23.71686407,16.40858076,5.287617684,-4.114640233,-10.60679565,-15.04361449,-18.22965862,-21.02355336,-22.4109578,-29.92509234,-35.16810895,-40.00605266,-47.03891709,-49.75138514,-48.5778682,-46.25995005,-41.86249588,-42.7712125,-44.05613278,-47.09120868,-47.76391785,-53.23276606,-56.40516385,-55.2305054,-54.17371686,-46.76800682,-41.47119834,-33.42242859,-30.62891739,-29.42189041,-26.42018621,-23.09973829,-22.14423231,-28.33718803,-28.28770038,-28.83486331,-28.82120699,-27.57493962,-25.30317536,-23.93085687,-20.44127064,-16.49227317,-11.30751585,-6.490258793,-3.220760463,-9.227104836,-8.185558235,-5.221426414,-2.199661591,3.89259838,5.106111381,6.469486503,7.214794402,10.80208112,12.38699231,14.08161288,12.61431093,6.444820325
MT,50.00832196,57.1030753,60.09222554,59.01575868,58.16312155,59.52014088,59.55626914,59.55779298,63.97769839,64.99650147,62.73907673,66.62627153,56.02676342,58.85462909,53.77801148,47.52390907,44.82673614,38.85097953,36.36257479,32.82800836,30.84473095,32.94697453,31.28942888,29.86669605,20.28893845,21.30922592,23.62268424,24.94676113,12.97717987,-0.814439797,-15.21529704,-22.9541489,-29.28245783,-34.21861215,-37.12406956,-38.43413756,-44.84870677,-50.50447978,-51.15686434,-52.86715453,-53.08846317,-50.01100594,-46.07210627,-43.61717342,-43.36905074,-46.27178973,-50.18525318,-52.57243583,-57.7377584,-56.88917589,-57.1029852,-54.00549813,-43.20326807,-34.75676866,-24.75842943,-19.61042304,-20.54185905,-20.22755621,-16.25888715,-15.01597444,-20.08255384,-21.03882477,-22.7570585,-23.37863477,-22.84124525,-20.27294739,-18.60750256,-15.76613941,-12.14681884,-9.558577472,-5.767882776,-3.165509893,-8.817948803,-8.834449923,-6.476013275,-1.23514153,3.165938854,7.484041382,8.734491306,9.562083474,10.51775705,12.33305953,15.30758703,12.69509016,5.162943977
NC,55.82735267,64.10312092,68.55483217,69.73352016,69.65686736,67.21565065,66.42222681,66.54330486,65.91477375,61.93088657,59.83874491,62.03879052,51.51208844,58.90754198,57.67416475,54.15641986,53.34625199,52.91739204,48.54024651,46.4314568,44.41469232,42.53241183,38.94941349,36.93942107,27.74505389,28.18229907,29.21913376,30.39952885,20.30227598,3.582860678,-8.579494595,-17.55801633,-23.89132122,-26.82697807,-30.08669889,-32.15303935,-41.01246979,-46.81255046,-51.86542435,-54.30310103,-55.68526746,-52.74891896,-49.88638711,-47.97807545,-47.48373747,-48.08388942,-50.95223062,-54.40086987,-61.82057102,-65.99292853,-65.56469533,-63.48294083,-52.06803836,-41.99574222,-29.7769056,-25.02503519,-23.31794101,-19.98379409,-17.07846614,-16.46775435,-23.68157467,-25.80027283,-29.47253518,-30.96226097,-31.67333607,-30.37416337,-30.87516353,-29.40365441,-25.7958824,-20.17397521,-14.82429512,-10.34586809,-16.79332494,-12.58721011,-8.54547581,-5.541166158,-3.878753515,1.402921226,4.155477518,6.990019797,10.15941598,10.60533842,14.1535323,14.38932014,8.223445411
ND,38.91857726,43.97361584,45.69713145,45.29331514,48.10954918,49.93135012,47.49448121,48.06665941,50.61106347,48.64178864,50.30309895,49.92003934,43.65339309,41.92151377,46.21080723,50.2955889,53.02956857,53.17505722,47.99668872,45.58871583,42.35634649,41.91283687,38.08849355,35.96998398,26.78273861,25.22486509,29.49299536,29.74079127,23.93359184,15.81235699,9.017660026,5.865374148,1.720626077,-1.031484571,-2.283156778,-1.187107904,-9.578808251,-18.42894263,-22.34156103,-22.96498408,-28.10833738,-25.95537757,-24.66887418,-24.13680427,-25.85763293,-27.49365447,-29.13149398,-30.63722476,-37.52801241,-39.60290492,-43.63575716,-43.51978172,-39.68734853,-34.64530892,-27.45033114,-26.80535889,-25.67002573,-22.91947939,-19.37567278,-18.83995573,-19.96782164,-28.64281431,-31.72781853,-35.10686676,-35.06422686,-31.60183066,-28.33885211,-24.97549286,-21.20497427,-20.1976562,-18.78080563,-17.72050684,-20.24363615,-24.4453328,-23.69579718,-23.73806276,-22.21279691,-26.71624714,-24.05077264,-23.60309334,-21.95540308,-18.9123508,-18.82046344,-17.50522821,-22.0364305
NE,17.3802296,22.05379829,21.8966576,25.39770782,27.69864916,33.19050375,33.39040471,34.57356678,33.52323425,32.38209273,32.71480435,31.23387633,29.96964304,37.17252256,34.85393455,31.44457747,35.06917522,35.97375023,32.39590542,32.54730302,34.4361315,33.91871217,27.23208282,27.00302205,23.01894693,29.26049242,33.65646109,32.91139239,20.41382689,3.196294144,-7.766565891,-14.99576391,-20.09746723,-24.24000532,-26.74801668,-26.50180585,-30.46512439,-34.52641725,-37.97701553,-41.80636333,-42.29278047,-40.38988613,-37.5760446,-36.81516521,-36.40949963,-36.71921772,-38.9606024,-42.88346723,-47.54876304,-45.99579427,-47.40328099,-43.69226822,-36.55062645,-31.5267323,-23.65305454,-18.82589664,-19.80918389,-16.76644715,-13.52359823,-13.44807252,-13.66063017,-12.53833348,-14.94867971,-15.10434486,-14.66759171,-14.20575179,-10.92856363,-10.77026264,-8.157732181,-4.31051686,0.524404995,4.662047623,0.771136467,4.573731705,9.921922971,10.84929865,10.32934744,13.76182203,14.13791846,14.28621858,16.51451711,15.73538216,18.7609251,19.93439966,20.53456157
NH,87.83929396,83.34237332,83.28506413,86.58180419,89.08203123,90.3625954,89.55838016,91.27070486,94.7143318,94.11106967,97.81474234,105.9709095,84.18595105,80.43150729,77.69962764,70.88223952,67.89062498,66.74184593,67.85626984,65.1473018,64.46497738,65.06398308,60.89367254,57.99422719,41.00261686,35.96697405,39.59453868,33.38843888,18.87695311,1.951769596,-13.36266603,-18.47015678,-22.04648161,-23.64268854,-28.47358121,-28.56981153,-41.66965981,-47.98408967,-45.510964,-44.02931613,-45.07324219,-38.15492714,-35.5210625,-34.60685931,-37.04406069,-43.00741294,-49.51076321,-53.68724885,-60.34686233,-63.17121677,-61.60529582,-55.71719843,-47.15820313,-40.31054824,-32.01336267,-32.32176682,-37.01581666,-35.267321,-30.10437052,-31.26379534,-41.13602545,-46.97161453,-51.22052131,-51.01118641,-49.89257813,-49.38844553,-48.35411066,-47.33002862,-42.83408651,-38.22421005,-33.72472277,-29.28292489,-39.37092719,-41.61393358,-42.24244932,-40.0947815,-33.72558594,-31.20229008,-28.16344823,-23.68919519,-20.23886379,-19.03342031,-16.89497717,-21.16135604,-30.50438709
NJ,72.62769791,68.0774814,70.16436864,73.3803082,74.78454968,73.61471453,72.62934551,74.28035938,76.1413022,77.14905176,80.92119902,89.8036036,75.89810503,70.80384685,74.01275713,79.00090431,77.8411248,73.04282542,69.5598716,66.62477259,63.05489071,59.58117136,58.24659513,57.99329313,45.28173145,38.26438033,34.57552148,20.90441771,13.4798817,7.739271547,0.770904733,-1.889642263,-1.482870023,-0.509279375,-2.571179448,-3.236624002,-18.68992183,-31.50970786,-32.04095786,-30.45415096,-29.85985665,-23.40936442,-20.06038845,-17.39760764,-17.77937707,-20.10467892,-26.84104506,-32.65623066,-44.9010618,-48.75249501,-47.12839,-45.23423702,-37.47511824,-33.24740277,-27.44083565,-28.5530015,-31.47500378,-31.25801041,-29.90108535,-31.18909855,-39.27002406,-45.9898385,-49.75229124,-50.27705454,-51.91632821,-52.17384105,-51.3111365,-50.59368283,-49.56791467,-47.41887947,-44.03535672,-42.74336526,-48.49228486,-50.89366721,-49.83100827,-47.32018765,-46.85425321,-45.56620335,-44.14776128,-42.47119785,-38.89102748,-37.43937486,-35.8191275,-37.97157817,-42.45424183
NM,67.07756495,68.04976947,69.02902566,68.95090268,69.63327132,69.58635006,67.77394094,67.2176441,64.72468575,62.52747789,60.10609945,61.55461611,44.35805045,44.73976559,44.18507011,43.77201673,44.8923731,45.71667258,42.00184815,38.98085194,37.03223015,36.40271603,31.99736021,29.95772535,19.59036602,19.93278897,19.73297506,19.76827388,12.45017273,-0.46326768,-7.908175679,-12.48108017,-15.69447449,-16.01778125,-15.24735386,-15.17523524,-24.57803907,-26.2400711,-28.25034288,-30.43538089,-32.10204624,-30.26935345,-28.48840037,-27.29740768,-28.81726633,-31.57637634,-34.63207858,-36.06163917,-44.41494405,-46.73110038,-45.88406527,-47.11856011,-41.88679246,-36.68421852,-29.18632363,-30.00504529,-29.5070541,-26.43007181,-21.69708353,-22.41101868,-29.30020861,-33.083375,-34.52011084,-34.36536768,-35.15280362,-33.12237355,-32.25037693,-29.39961079,-24.02240008,-24.36129159,-21.21735157,-18.72630574,-26.85378342,-26.6677776,-24.29255185,-20.57188463,-17.83417486,-14.76380943,-11.94251253,-7.015352087,-3.715720915,-0.544672954,0.690407902,0.861857354,-5.879006258
NV,-23.89172224,-18.55704449,-15.57160505,-16.64262792,-20.32473419,-18.73202922,-17.36118231,-11.72909626,-1.098124976,7.505344411,13.2698333,20.916456,35.6670791,49.30776635,53.58357884,47.99877402,45.60784638,41.97973132,34.63155274,26.0403391,24.04658382,20.19171851,22.74214564,21.69463649,24.8030902,24.54838232,26.33659603,38.48303465,31.507459,20.91758976,5.287595392,-1.925527802,-1.117511799,-5.457442041,-9.527770883,-11.72448451,-14.4641941,-19.47693788,-28.67623301,-30.39880287,-38.02522047,-37.91342603,-34.26830518,-32.10228848,-28.06519508,-28.39966777,-32.49036411,-38.32120123,-41.09303799,-39.77937366,-36.67205169,-31.6986983,-21.22475892,-0.672480162,24.65542748,33.03180582,37.40410452,34.85110495,29.86579037,27.03529985,26.08262667,21.43888355,15.53359309,2.048101536,15.48009561,8.412286906,-0.741142176,-5.726713594,-29.29625831,-28.7809262,-26.44400081,-23.30125179,-19.89618855,-17.48167616,-14.53387817,-9.78978113,-13.02068738,-13.99167256,-12.20394592,-7.58851888,-1.873597877,0.089868044,2.584366205,3.700545182,12.79234692
NY,30.24500159,28.83960029,30.1929734,32.59477801,35.82957378,37.66231368,37.31481813,37.4183731,36.52677441,36.65149807,37.41174285,40.0662932,36.198287,33.2348682,35.95846047,38.73230426,41.99514651,40.13619265,36.72169725,37.12481579,35.48807594,34.87355077,32.61241175,32.38164543,28.60083507,25.84385831,26.04786817,15.70508055,6.146354179,5.941496278,10.38964538,9.905762117,9.090237289,10.39210642,9.068809616,11.8210084,3.457814661,-4.627981863,-9.456828746,-9.341352979,-9.874102181,-10.40377546,-10.83486031,-11.63505433,-14.84741715,-14.85515925,-18.04936207,-19.7267495,-25.98653238,-30.16239543,-28.6883331,-26.96706937,-23.10363361,-20.96086,-17.93554415,-17.86895361,-18.82219753,-17.6369534,-16.64901523,-16.51445462,-19.903376,-23.78761788,-25.40792705,-24.95754401,-26.14081662,-27.56577205,-29.33478246,-28.05119879,-23.44254349,-25.63254179,-21.16871051,-24.49888408,-26.66445886,-29.34033156,-28.64621309,-25.76619639,-24.85252203,-24.80959505,-26.32097391,-26.89374423,-23.99292953,-23.79250087,-23.22587638,-23.52885877,-25.94757109
OH,58.8193407,65.55670542,65.83949926,64.86019204,64.80165926,67.14089248,65.71453654,67.02673165,65.94247667,62.72281238,61.64200115,63.70525637,52.86019464,55.95056918,59.29517146,60.20343685,58.78845894,53.12672894,49.50978955,46.73069377,45.85255355,43.58253513,40.87010265,40.89003547,31.13472306,28.81232118,27.37131716,23.3978691,9.501377124,-5.05445694,-16.03646581,-21.76291752,-23.08552992,-22.97502627,-23.46461561,-24.50284854,-32.96938049,-41.52918975,-42.32265762,-42.89638588,-39.20378208,-33.30962205,-27.51909627,-23.1604461,-25.03157605,-27.07484086,-31.68011538,-34.10190261,-43.32947041,-47.67151641,-47.94454683,-44.73328535,-34.86581352,-27.79358531,-21.13758086,-20.73806323,-22.23023064,-20.86186469,-20.12361365,-21.73492422,-30.05961939,-34.01716686,-34.86212392,-33.7118885,-35.05978773,-33.55305797,-35.42684891,-33.54138647,-29.29846238,-25.35526148,-21.55135118,-18.30592282,-25.42410745,-27.10172277,-27.37665945,-27.11993821,-23.96211206,-20.5568992,-15.10433435,-14.55461221,-12.14923119,-10.03835418,-5.692408075,-5.949693647,-11.03168065
OK,49.86462599,58.77427772,61.01500233,61.23053599,62.09757215,63.14288698,59.95000429,58.01914369,55.50996489,51.43590801,48.30385552,48.64840593,37.97856392,44.34287287,44.95370437,41.77483805,40.168901,37.0480824,31.23857371,27.5354377,24.95847992,22.16785166,20.44515416,19.44319713,13.68731959,18.7756503,19.09677963,18.0460245,8.666006923,-3.495003439,-13.42171705,-21.49763747,-26.2285072,-28.2457819,-30.31485024,-32.42927705,-41.99279497,-45.63722461,-49.87463054,-52.25299712,-53.12521182,-49.35776698,-44.28345793,-40.08962929,-39.55524617,-40.53124356,-43.05391337,-45.94521778,-53.36868721,-56.03321665,-57.06201235,-54.16287723,-47.31805183,-39.95448127,-28.24754066,-24.0038482,-22.96307148,-19.01260885,-16.49215615,-15.27615626,-19.75118033,-19.05154071,-19.35032007,-19.00372057,-18.02605363,-17.97075292,-17.00846944,-15.29178234,-12.26919692,-8.244812915,-4.486890358,0.323304894,-4.839900651,-1.170818722,1.221476712,4.368196196,7.536836925,10.58703496,11.77260682,15.32831607,20.54757722,22.43068763,25.5988006,25.23574315,18.42205366
OR,27.90704464,33.09974306,35.26482959,34.22517056,33.83905954,35.22154179,35.15476641,40.25177798,42.1760978,41.18098809,43.91827077,48.30164495,45.96093773,53.95396475,50.74426989,45.57015751,42.16788593,45.86635447,39.56632167,35.42058367,31.93515511,29.86668591,24.28092763,21.05319376,16.04239045,17.46536575,18.6436604,23.67246203,9.709373503,-9.483069164,-22.49454046,-30.2869288,-36.21753952,-38.11152307,-41.72262008,-44.24268319,-49.06139608,-49.04677196,-48.67027213,-49.74533908,-49.58868235,-46.39769452,-43.61351121,-41.19185809,-37.69341597,-36.38959883,-41.61224625,-45.38560137,-52.7515838,-49.26059691,-47.19203365,-44.84861823,-32.53252113,-24.3065562,-12.22583556,-10.75778632,-10.3405058,-8.0492458,-4.637014676,-4.016235847,-8.971476951,-9.614935398,-13.24062152,-17.66906656,-15.4763599,-14.13004323,-10.87162933,-9.376277283,-6.823000268,-4.806988458,-0.212863833,3.823969237,-0.096341926,3.403230739,4.450167393,8.79523375,11.8812445,13.22946686,14.4844284,15.94048884,16.96320848,16.30968242,19.98554625,20.46571245,20.97042595
PA,68.75780954,69.35504099,66.78779551,69.72726568,68.38473113,66.77585474,64.45030366,65.07542421,65.32496492,64.77628852,65.4829145,69.23494898,56.15530543,55.84727389,58.29612085,60.13365944,57.4614797,54.91346357,53.7067055,51.13276185,47.56061874,44.15863129,39.68867126,38.02133009,25.75388896,22.65269922,22.73064198,11.86153214,10.93055118,2.777659795,-7.85712821,-13.57330008,-16.88546261,-18.70872633,-20.35538666,-20.75204486,-30.71455672,-38.7990707,-39.85802012,-38.76838115,-38.35968735,-31.174347,-26.65483422,-24.59922158,-24.53507967,-26.07969674,-29.54543082,-31.81074598,-41.99772354,-46.11107462,-44.67545303,-42.24257464,-35.17586812,-30.39021024,-23.46622621,-22.82211085,-22.94582405,-21.42545543,-19.4309011,-19.90635568,-28.10016441,-31.83824364,-33.16339137,-32.6073114,-35.45494363,-35.58558081,-35.79694682,-34.14006257,-31.17816818,-27.53283091,-23.62945408,-21.65842944,-29.20905527,-31.10662518,-30.11769386,-28.1041901,-27.78626298,-27.3168401,-24.38187378,-21.07349087,-17.34104922,-15.18821047,-12.21041313,-13.12870315,-20.64550398
RI,60.08375084,56.40343879,57.30687079,63.74199062,67.98245614,80.64516125,86.15213925,90.24074198,93.91668353,95.01999999,97.44471744,105.7126697,93.1055111,87.29947707,92.25703099,92.62708246,89.14473684,77.81626611,70.66777617,68.42392414,66.31557625,63.56666666,58.91891892,57.57918552,48.59792118,41.6999025,41.10893558,34.79709527,22.5877193,4.972216186,-7.919006997,-16.69508287,-18.42549457,-20.06000001,-19.95085995,-20.58823529,-28.87160697,-38.76628557,-37.9494482,-42.82785134,-43.53070175,-38.72411057,-32.62603148,-27.29318694,-27.45256904,-29.06666667,-34.64373464,-39.76244344,-50.52718163,-55.33102899,-54.83268067,-52.7552328,-43.69517544,-36.80450315,-27.67491852,-30.25301781,-36.05428398,-35.78666667,-31.99017199,-33.14479638,-37.90473342,-43.41930338,-49.91100035,-49.10721913,-51.6995614,-51.45413871,-51.31405589,-48.44165588,-47.53899129,-42.55333334,-38.03439803,-35.01131222,-44.78426681,-47.88620048,-47.97970808,-46.47586501,-40.78947368,-36.45089126,-37.2859025,-35.98172271,-30.76092094,-31.12,-31.74447174,-34.78506787,-39.6993943
SC,38.98607062,46.8660569,51.01257487,51.77148761,51.78852326,52.24240915,48.93741414,46.23158463,46.90406396,46.45349779,45.69361875,46.82090779,42.49541086,49.97474889,52.27728972,53.09612783,51.90964577,49.70757958,46.33846344,43.48050666,41.48226964,39.04251079,36.67068939,36.92256436,29.45686211,33.20240166,32.89623716,34.72926769,26.73818663,12.87350773,2.071264269,-5.357677559,-12.60025891,-16.86783434,-20.60755031,-22.60851373,-31.07115862,-38.41535267,-46.50537203,-52.72481515,-57.10061033,-56.16107654,-52.11871805,-48.41073781,-47.41744913,-48.45878031,-50.90510634,-53.45337899,-59.95032934,-64.36788059,-64.69478215,-63.01582254,-52.13458755,-42.27675199,-30.76374071,-25.5794107,-23.19905952,-18.93361468,-15.62705914,-14.73322898,-20.71050642,-22.23780933,-24.59488976,-26.5882166,-27.55222424,-25.59048679,-25.27352379,-23.35234758,-19.65744556,-15.1790589,-10.77095069,-7.37320047,-9.712773998,-5.022164862,-0.391057872,2.731971042,6.351066516,9.20481891,10.80884086,12.98808241,14.48787967,13.94327956,15.5463585,14.42485008,10.50642479
SD,34.69433539,40.19005753,39.04407203,35.22681537,34.60964957,31.16607774,32.75921461,31.35760792,32.74919455,36.06632889,34.19240289,37.43189246,34.87380819,35.8911371,34.52513969,30.75950093,35.16881455,37.52650177,37.61625904,35.81384134,35.58527773,40.54455194,41.38598946,37.60140451,24.95793606,29.87264851,29.78895099,29.83384119,23.16540631,18.09187279,7.268343093,-1.253918491,-7.605193804,-11.25953221,-20.75755945,-23.04153046,-25.78799776,-28.95468357,-26.95841091,-26.99361813,-27.94227288,-27.80918728,-26.14536686,-26.64094526,-27.45777605,-29.31572751,-31.83040998,-36.34822619,-43.73527762,-41.17266792,-37.47361886,-32.46708447,-34.72680798,-33.2155477,-29.79676197,-25.08801543,-23.39158451,-23.26116996,-20.26794361,-17.74427898,-20.76275939,-19.85907299,-22.61328366,-19.10538723,-10.90637982,-7.985865724,-7.165001722,-4.899927654,-4.461583534,-15.34367162,-10.21198751,-7.99733625,-9.007291082,-15.96741871,-16.31284915,-17.25406774,-19.36840985,-17.77385159,-14.53668619,-9.288642388,-5.418334486,2.569220544,7.489508238,10.09807481,4.767246214
TN,30.61180799,42.0542109,44.55661005,41.48103602,39.96708124,41.07347283,39.25899717,39.60054657,41.02403951,39.96378688,38.31127701,39.26289243,36.15119585,47.57883835,45.26990268,40.43755187,38.09411839,32.96326746,27.16336433,24.58387317,21.97146345,19.75113678,16.69924603,17.45336091,11.81535374,15.8092603,13.92129602,16.32476749,7.298068642,-8.281536899,-17.80226446,-27.13196407,-34.07866978,-38.02788139,-40.49420723,-41.65422711,-47.27145008,-52.16147868,-55.38898628,-58.14205614,-58.81184427,-56.53403197,-52.11281844,-49.16633037,-48.92918611,-50.18787268,-54.1298588,-56.19563058,-61.15470815,-61.64839269,-59.03403252,-54.5372927,-43.76003374,-31.05249813,-18.28245047,-13.62191401,-11.61586721,-6.508154751,-3.711321943,-3.661271681,-5.739421308,-2.499236251,-5.827238107,-7.349279225,-7.362122382,-7.044569237,-7.971087748,-5.280969683,-3.381773276,-0.90941268,3.602345721,8.908677804,2.85064392,10.86679789,16.50244817,21.78527263,24.57473201,28.87589605,29.7462596,31.01675834,35.00999332,35.91839793,39.72251927,35.88619838,32.73657802
TX,9.059435465,18.06172647,19.18037745,21.60895093,22.21793835,22.59159888,21.4620966,20.6182746,19.90934282,19.22647053,19.03892332,20.78047907,20.92094487,31.86477009,32.35018953,32.86307641,30.99772432,29.64265481,25.73273177,22.21061029,20.66437818,18.10831128,15.28862148,14.82193867,14.30375099,22.57315441,25.36656182,22.30794784,14.18066239,-1.382490123,-12.0301005,-18.65241587,-23.91050085,-27.24118149,-30.28546899,-32.16816655,-36.71735219,-41.18328228,-46.33276877,-50.46891371,-52.31347915,-50.4031669,-46.03255838,-41.89359374,-41.56003143,-43.47814619,-45.96396088,-47.59919409,-51.33923751,-52.54018051,-53.79345108,-51.93433046,-41.93413703,-31.64815627,-19.18082187,-11.99576037,-9.795276895,-6.078084865,-2.533235408,-2.305260798,-3.761626854,-0.689659416,-3.289176545,-5.309310067,-6.271275697,-4.493983675,-3.847073283,-2.411745704,1.375077545,5.911259406,9.097982396,10.96449519,11.24035837,21.91347126,26.5182676,30.93257903,33.12256681,35.69354327,33.89572566,32.12463076,33.31701063,33.55137137,35.35713806,35.50570853,36.29372686
UT,18.00122875,26.50166013,26.23466701,23.11748195,21.00018352,21.46641917,18.66460996,23.08283152,24.50996616,29.32246149,34.36034829,41.67493729,42.24861765,54.34651373,52.7583328,44.89775461,39.31914113,34.88525143,27.93080652,24.48076687,21.90898835,20.58744032,15.47220362,14.93404551,12.40357704,16.16359795,17.55828143,30.41499599,14.64121858,-6.032737094,-22.23446452,-33.9851911,-42.19932305,-48.55692705,-53.76200045,-55.61289857,-59.69690764,-63.05463326,-62.65707619,-63.13352045,-61.2552762,-57.31015862,-52.49008374,-49.93240752,-47.18014291,-50.48052377,-55.53695021,-61.10760236,-66.46870094,-65.00150921,-60.46924839,-52.65036087,-30.15415672,-12.17516031,8.241516086,14.18981198,13.16886048,16.84536145,19.56910025,19.83506866,12.44453546,14.48837911,9.975809736,1.070569362,-2.110478983,-1.225109689,-1.81798149,-0.251935598,3.291462961,5.745262341,9.377093101,11.57406572,9.12690286,16.55599155,16.59923362,16.28307939,18.5593687,20.3914951,21.70559718,22.41612388,26.50018805,26.53692525,30.5202054,28.70238374,31.94074681
VA,69.90502016,72.09947965,76.98423557,78.39808414,83.67045282,84.14989793,82.59512062,83.89016239,83.55097583,82.40383232,81.43273385,85.08842874,68.28956953,65.12310274,65.18303332,63.04397563,61.65591566,59.35646933,54.36710143,51.82262615,48.94819317,46.16320308,43.76569878,41.79553162,30.26878502,29.2055259,29.01896723,27.00239477,14.34701184,1.234567901,-8.77340002,-15.6588298,-17.65515931,-18.32942674,-18.039787,-17.7486419,-28.30860877,-35.59506592,-37.18605905,-37.39837399,-37.79876155,-33.19237873,-27.34608367,-26.05770465,-26.43050477,-29.67136601,-36.55179343,-40.9704693,-51.32878026,-54.96483966,-54.46820153,-52.02108026,-42.70594905,-36.0309128,-29.02547814,-29.5460846,-29.83522484,-29.31259526,-26.66532704,-27.31527998,-35.61275341,-40.34877729,-42.58813683,-44.1358166,-46.76932129,-45.83454846,-44.70298034,-40.22895239,-37.68934897,-32.98640773,-29.35295891,-26.28599435,-33.54151492,-35.51942547,-36.94383866,-34.8891838,-32.39934849,-29.68309517,-27.11427993,-24.22121696,-20.8889311,-18.26723981,-14.58856626,-14.56357471,-19.67171735
VT,103.375,98.84726225,101.4601585,102.9028365,101.7024469,102.0874069,98.65289629,101.7773806,102.0262097,103.8926175,111.7519043,118.0819117,88.58333333,83.90284068,83.72966208,82.87869645,83.32179135,80.26211491,82.06356336,79.95233842,79.19858873,77.18637069,74.98997769,77.96306944,54.95833333,47.87978592,46.1410096,41.09837056,31.33079411,18.70739313,8.092600919,-0.466686511,-7.242943539,-9.798657713,-13.40702135,-13.8585394,-29.5,-39.3989296,-43.47100542,-43.47616173,-42.99976915,-40.99772763,-40.20855161,-41.23225101,-44.39516128,-49.73154362,-54.85940094,-57.55542777,-65.41666667,-69.41128036,-67.91823112,-65.14785757,-61.17843951,-55.60957564,-51.1749738,-53.63916194,-53.49798387,-51.97212184,-50.24912662,-54.15628395,-62,-64.30629889,-66.33291615,-66.2039831,-64.24861495,-63.52586799,-61.2333483,-58.08757819,-52.47479838,-49.98451213,-47.28251531,-47.00019168,-54.54166667,-57.51337999,-53.60867751,-52.05190102,-47.92820867,-40.92374359,-36.19218679,-28.3040413,-23.61391128,-19.59215281,-20.94381764,-23.47453837,-35.45833333
WA,12.79759214,19.20859243,17.90761119,20.12534327,18.63798855,18.90745635,25.16818397,30.76102944,37.18672098,38.4031153,40.42098087,48.44832165,46.71437614,53.96269079,48.73095668,42.48433207,35.22878931,33.89952403,24.16195494,23.77389708,22.87465238,23.76178373,21.05730881,16.87790421,15.32946663,20.47484454,25.46056463,25.71509047,13.16611057,-0.793231116,-11.27072354,-15.45312498,-19.1544505,-21.86993668,-37.004774,-39.33197435,-43.30667976,-43.53872244,-41.41096772,-43.67861419,-47.80028599,-46.57641461,-45.21418305,-43.9742647,-43.03519525,-45.26900134,-50.03926673,-53.48636981,-58.16723289,-52.07461843,-48.67424823,-45.47285403,-25.6458532,-12.18720256,1.951125999,1.191176489,-3.626611979,-1.976542964,2.539938434,1.589029957,-1.318899926,-5.178066704,-11.76777121,-15.6510105,-18.17206865,-17.3030143,-18.30091041,-18.23253675,-16.91818978,-14.94881428,-0.454667555,3.530052253,1.388655652,7.145279819,9.753854641,16.47771282,24.58531934,24.05288205,23.50455196,21.93382355,22.67307395,21.89939605,23.48048032,22.37303582,26.56272202
WI,69.32491074,69.81639724,67.75935119,63.49570261,62.24927903,60.98585296,58.98432354,60.17435166,58.10334836,56.29508197,57.24523913,62.80687892,51.93188684,47.18118635,49.18532867,53.15675471,51.55078496,53.0359343,51.46225794,49.25205508,48.86563236,49.97377049,47.17612035,48.48865899,38.42351002,36.05540473,39.35601019,32.03530031,18.49086827,10.42243798,2.707153208,-1.937752602,-3.464258471,-6.885245902,-10.51258005,-12.43922299,-24.38121395,-30.64696942,-32.90642779,-31.13551006,-27.41322228,-24.4964756,-19.02252668,-16.39126955,-14.88426417,-17.12131148,-21.24536151,-24.41857678,-38.53117275,-43.61251587,-44.04914659,-40.79702299,-32.95311334,-31.30083307,-26.09669345,-27.79685359,-31.79540001,-31.23934426,-29.12367983,-30.68070224,-38.97940126,-41.93841707,-44.81176612,-44.5551741,-43.13574711,-41.78340811,-39.2174944,-38.16498055,-34.73086934,-31.63278689,-28.34583862,-26.48918587,-33.57429278,-36.85508581,-34.53334947,-32.20005072,-28.78884975,-26.86350867,-28.81702016,-25.13555065,-22.09418885,-19.39016393,-15.19389962,-17.26784985,-24.21422686
WV,70.27034583,67.06702827,67.95294273,71.59443236,74.88716958,76.00559094,75.64059901,76.28576549,75.68367467,72.60841272,72.92040241,73.5025348,58.84145489,58.3882216,62.02464905,63.37489281,66.98903935,66.96070819,65.3274845,63.40720388,60.93287557,59.70833581,58.36853784,56.4596855,42.11188459,38.54449179,36.71983128,32.182202,21.1121857,10.06056842,2.622901228,-4.100710827,-7.993962356,-8.457078617,-13.28450292,-14.17546579,-24.02359585,-32.46803565,-35.73452844,-39.94656639,-41.03481624,-39.94719677,-36.82952654,-34.8127352,-34.96803599,-34.94054309,-34.70808132,-35.39991604,-46.72481758,-51.90494641,-52.04310288,-49.89775051,-45.66086395,-40.03416679,-34.71184389,-33.37016904,-32.87557713,-31.87599834,-29.68726255,-29.38745197,-38.4047639,-42.07348573,-42.42404271,-42.78646349,-42.29851708,-42.16493244,-41.67901981,-38.51323099,-36.95690778,-33.88451754,-31.92110141,-30.24637541,-35.85507003,-37.55327393,-36.49574903,-34.52074675,-33.99419729,-30.88057151,-30.37059446,-28.89612329,-23.82206701,-23.15861089,-21.68799197,-20.75301107,-26.21543795
WY,63.56208183,65.51388212,69.54471889,72.38948951,68.93122378,62.32602031,54.46787423,53.48924934,54.0733865,54.62424452,57.46131174,60.91846298,49.02007224,49.05017048,50.28499051,49.39783767,43.16435261,39.53762682,38.85921928,34.8924934,32.66899641,33.58991906,27.62834686,28.44423618,16.24134052,14.61276181,18.31679686,20.89776925,18.03035196,12.66218449,4.211859263,-3.885326292,-9.375341259,-11.27266505,-13.25227216,-14.94845361,-25.15838712,-29.76132489,-33.99479276,-39.35951828,-41.41427187,-39.31351733,-36.06232451,-35.53376084,-35.40460849,-38.61329683,-39.9901744,-41.51827554,-50.02664456,-54.11592791,-54.58447681,-53.92089778,-47.47174685,-40.09790044,-29.2407642,-24.29271973,-22.67664081,-23.48614436,-18.96954064,-18.18181818,-26.53206229,-26.83877253,-30.3989867,-30.97714521,-25.68291895,-24.41023825,-21.87964544,-17.99321011,-15.03221578,-13.10867828,-11.18889707,-10.54358013,-17.76896205,-18.46078909,-19.16824994,-18.42753525,-15.55699063,-10.7041755,-10.3562187,-6.676725764,-4.253576488,-1.733378932,-1.688774245,-4.170571696,-9.337438569
